system,information,future_hour,mse,rmse,mae_same_mean,mae_median_separate,gamma_to_I4
M_r1,I0,1,0.1814843182823167,0.42600976313027933,0.3629686365646332,0.24999999999999967,0.0010451076346571764
M_r1,I0,2,0.18749908412956076,0.4330116443348386,0.37499816825912075,0.24999999999999967,0.00017102998118786048
M_r1,I0,3,0.1874618247971844,0.43296861872101583,0.3749236495943684,0.24999999999999975,8.274248213525758e-06
M_r1,I0,4,0.18749410481320164,0.4330058946633425,0.37498820962640345,0.24999999999999944,3.501434540887953e-08
M_r1,I0,5,0.18749972871151657,0.4330123886351481,0.37499945742303337,0.24999999999999953,1.934633943387662e-08
M_r1,I0,6,0.1874999991353718,0.43301270089383265,0.37499999827074326,0.2499999999999996,4.933586940730117e-09
M_r1,I0,7,0.18749999927116373,0.43301270105063167,0.3749999985423277,0.24999999999999936,3.2502225231478897e-10
M_r1,I0,8,0.18749999982794818,0.433012701693551,0.3749999996558961,0.24999999999999958,4.195610255639357e-12
M_r1,I0,9,0.18749999998917302,0.4330127018797174,0.3749999999783462,0.24999999999999928,2.6787076340290034e-13
M_r1,I0,10,0.18749999999987574,0.43301270189207586,0.37499999999975153,0.24999999999999895,1.31275598837696e-13
M_r1,I0,11,0.18749999999998862,0.4330127018922062,0.3749999999999777,0.2499999999999996,1.1647695850725438e-14
M_r1,I0,12,0.18749999999999478,0.4330127018922133,0.37499999999999006,0.2499999999999993,2.757187593435323e-16
M_r1,I1,1,0.181371091845441,0.4258768505629779,0.36274218369088196,0.24999999999999967,0.0009318811977814123
M_r1,I1,2,0.1874805548271935,0.43299024795853486,0.37496110965438667,0.24999999999999967,0.00015250067882066208
M_r1,I1,3,0.18746092836928363,0.4329675835086082,0.3749218567385675,0.24999999999999975,7.377820312728255e-06
M_r1,I1,4,0.18749410101976516,0.43300589028299047,0.37498820203953015,0.24999999999999944,3.122090879171918e-08
M_r1,I1,5,0.18749972661554426,0.43301238621492605,0.3749994532310879,0.24999999999999953,1.725036672441859e-08
M_r1,I1,6,0.18749999860086924,0.4330127002766423,0.37499999720173927,0.2499999999999996,4.399084606433709e-09
M_r1,I1,7,0.187499999235951,0.4330127010099715,0.3749999984719014,0.24999999999999936,2.89809504541659e-10
M_r1,I1,8,0.18749999982749355,0.433012701693026,0.3749999996549872,0.24999999999999958,3.741059945198973e-12
M_r1,I1,9,0.18749999998914407,0.433012701879684,0.3749999999782881,0.24999999999999928,2.388497792716787e-13
M_r1,I1,10,0.18749999999986153,0.4330127018920594,0.3749999999997238,0.24999999999999895,1.1705326630901234e-13
M_r1,I1,11,0.18749999999998762,0.43301270189220503,0.374999999999975,0.2499999999999996,1.038579032647183e-14
M_r1,I1,12,0.18749999999999475,0.43301270189221325,0.37499999999999,0.2499999999999993,2.4584752726876055e-16
M_r1,I2,1,0.18112182302795687,0.4255840963052507,0.3622436460559139,0.24999999999999967,0.0006826123802974848
M_r1,I2,2,0.18743976243438035,0.43294313995532985,0.37487952486876097,0.24999999999999967,0.00011170828600747489
M_r1,I2,3,0.18745895487679404,0.43296530447230297,0.37491790975358796,0.24999999999999975,5.40432782319089e-06
M_r1,I2,4,0.18749409266848707,0.4330058806396133,0.3749881853369738,0.24999999999999944,2.286963071698407e-08
M_r1,I2,5,0.18749972200124512,0.4330123808867884,0.37499944400249013,0.24999999999999953,1.2636067686304744e-08
M_r1,I2,6,0.18749999742415874,0.433012698917894,0.3749999948483175,0.2499999999999996,3.2223738621140993e-09
M_r1,I2,7,0.18749999915842985,0.4330127009204578,0.37499999831685943,0.24999999999999936,2.1228838632972813e-10
M_r1,I2,8,0.18749999982649287,0.43301270169187056,0.3749999996529858,0.24999999999999958,2.740364158141296e-12
M_r1,I2,9,0.18749999998908026,0.4330127018796103,0.3749999999781608,0.24999999999999928,1.749598733631912e-13
M_r1,I2,10,0.18749999999983033,0.4330127018920234,0.3749999999996613,0.24999999999999895,8.574269867628983e-14
M_r1,I2,11,0.18749999999998462,0.4330127018922016,0.37499999999996947,0.2499999999999996,7.607696205857308e-15
M_r1,I2,12,0.1874999999999947,0.4330127018922132,0.37499999999999,0.2499999999999993,1.8008579445244805e-16
M_r1,I3,1,0.18064855585593873,0.4250277118682248,0.36129711171187767,0.24999999999999967,0.00020934520827931515
M_r1,I3,2,0.1873623131144798,0.4328536855734046,0.37472462622895963,0.24999999999999967,3.425896610689757e-05
M_r1,I3,3,0.1874552079612395,0.43296097741163636,0.37491041592247887,0.24999999999999975,1.6574122685301198e-06
M_r1,I3,4,0.1874940768125697,0.4330058623304882,0.3749881536251391,0.24999999999999944,7.013713410285636e-09
M_r1,I3,5,0.1874997132404371,0.43301237077067106,0.3749994264808744,0.24999999999999953,3.87525966122592e-09
M_r1,I3,6,0.18749999519003024,0.4330126963381446,0.3749999903800604,0.2499999999999996,9.882453743720803e-10
M_r1,I3,7,0.18749999901124653,0.4330127007505052,0.37499999802249334,0.24999999999999936,6.510511343507151e-11
M_r1,I3,8,0.1874999998245928,0.43301270168967654,0.37499999964918596,0.24999999999999958,8.404214778302033e-13
M_r1,I3,9,0.18749999998895872,0.43301270187946994,0.37499999997791816,0.24999999999999928,5.3657115206393955e-14
M_r1,I3,10,0.18749999999977102,0.4330127018919549,0.37499999999954253,0.24999999999999895,2.6295777268441647e-14
M_r1,I3,11,0.18749999999997946,0.4330127018921956,0.37499999999995876,0.2499999999999996,2.3331465903837862e-15
M_r1,I3,12,0.1874999999999946,0.4330127018922131,0.3749999999999896,0.2499999999999993,5.522914501400833e-17
M_r1,I4,1,0.18043921064765947,0.424781368056156,0.36087842129531894,0.24999999999999967,0.0
M_r1,I4,2,0.18732805414837295,0.43281411038501616,0.3746561082967458,0.24999999999999967,0.0
M_r1,I4,3,0.18745355054897087,0.4329590633639292,0.37490710109794173,0.24999999999999975,0.0
M_r1,I4,4,0.18749406979885652,0.4330058542316218,0.37498813959771304,0.24999999999999944,0.0
M_r1,I4,5,0.18749970936517707,0.4330123662959028,0.37499941873035414,0.24999999999999953,0.0
M_r1,I4,6,0.187499994201785,0.4330126951970173,0.37499998840357,0.2499999999999996,0.0
M_r1,I4,7,0.18749999894614147,0.4330127006753283,0.37499999789228294,0.24999999999999936,0.0
M_r1,I4,8,0.18749999982375248,0.4330127016887062,0.37499999964750497,0.24999999999999958,0.0
M_r1,I4,9,0.1874999999889054,0.4330127018794084,0.3749999999778108,0.24999999999999928,0.0
M_r1,I4,10,0.18749999999974468,0.4330127018919245,0.37499999999948946,0.24999999999999895,0.0
M_r1,I4,11,0.18749999999997707,0.4330127018921929,0.37499999999995415,0.2499999999999996,0.0
M_r1,I4,12,0.18749999999999453,0.433012701892213,0.3749999999999891,0.2499999999999993,0.0
M_r1_4,I0,1,0.09471634553876933,0.30776020785470193,0.18943269107753946,0.111205115959534,0.0037708622868083555
M_r1_4,I0,2,0.14440521098494483,0.3800068564972806,0.28881042196988993,0.19521932317044943,0.007797137008060816
M_r1_4,I0,3,0.16888860023645028,0.41096058233904903,0.33777720047290033,0.24999999999999964,0.008892062670659784
M_r1_4,I0,4,0.18015432446929752,0.424445902877266,0.36030864893859504,0.24999999999999917,0.007851605349104077
M_r1_4,I0,5,0.18493467089515025,0.4300403131046556,0.3698693417903003,0.24999999999999944,0.005965820568026962
M_r1_4,I0,6,0.18675881115942972,0.4321560032666788,0.3735176223188591,0.2499999999999995,0.004085159567506707
M_r1_4,I0,7,0.1873512419707901,0.4328408968325314,0.37470248394158,0.2499999999999991,0.0025813668297975084
M_r1_4,I0,8,0.18749068920563663,0.43300195057948254,0.37498137841127355,0.24999999999999922,0.0015247415769633742
M_r1_4,I0,9,0.18749558000721375,0.4330075980940909,0.37499116001442745,0.24999999999999895,0.0008476114332354981
M_r1_4,I0,10,0.18747840690101442,0.43298776761129687,0.37495681380202917,0.24999999999999933,0.00044462616586894515
M_r1_4,I0,11,0.187469050258028,0.4329769627336171,0.37493810051605625,0.24999999999999942,0.0002198985084507837
M_r1_4,I0,12,0.1874694517411325,0.432977426364392,0.374938903482265,0.24999999999999906,0.00010207181670417844
M_r1_4,I1,1,0.09265652806242992,0.3043953482930216,0.18531305612486026,0.111205115959534,0.0017110448104688738
M_r1_4,I1,2,0.14014605807692107,0.37436086611306085,0.2802921161538419,0.19521932317044943,0.003537984100037038
M_r1_4,I1,3,0.1640313488449567,0.40500783800434864,0.32806269768991286,0.24999999999999964,0.004034811279166103
M_r1_4,I1,4,0.1758654184617821,0.41936311051615177,0.3517308369235641,0.24999999999999917,0.003562699341588802
M_r1_4,I1,5,0.18167586679887857,0.426234520890646,0.3633517335977572,0.24999999999999944,0.0027070164717552816
M_r1_4,I1,6,0.18452731013107787,0.4295664210934997,0.36905462026215585,0.2499999999999995,0.0018536585391549384
M_r1_4,I1,7,0.18594118132565296,0.431208976397353,0.37188236265130586,0.2499999999999991,0.0011713061846604623
M_r1_4,I1,8,0.18665780560813208,0.4320391250895364,0.37331561121626466,0.24999999999999922,0.0006918579794589837
M_r1_4,I1,9,0.1870325758690273,0.43247263019644067,0.37406515173805455,0.24999999999999895,0.00038460729504900923
M_r1_4,I1,10,0.18723553175012436,0.43270721250069816,0.3744710635002483,0.24999999999999933,0.00020175101497876488
M_r1_4,I1,11,0.187348931633619,0.4328382280178346,0.37469786326723764,0.24999999999999942,9.977988404159494e-05
M_r1_4,I1,12,0.1874136954456495,0.4329130345065271,0.37482739089129896,0.24999999999999906,4.6315521221178536e-05
M_r1_4,I2,1,0.09441018367024015,0.3072624019795461,0.18882036734048024,0.111205115959534,0.003464700418279073
M_r1_4,I2,2,0.14377214993577375,0.37917298154770174,0.28754429987154745,0.19521932317044943,0.007164075958889691
M_r1_4,I2,3,0.1681666405584603,0.41008126092088176,0.33633328111692046,0.24999999999999964,0.00817010299266981
M_r1_4,I2,4,0.1795168410552131,0.4236942778174059,0.3590336821104261,0.24999999999999917,0.007214121935019807
M_r1_4,I2,5,0.18445029712769462,0.42947677134822393,0.36890059425538924,0.24999999999999944,0.005481446800571375
M_r1_4,I2,6,0.18642713103130515,0.43177208227409186,0.3728542620626102,0.2499999999999995,0.0037534794393822906
M_r1_4,I2,7,0.18714165699211396,0.43259872513926106,0.3742833139842284,0.2499999999999991,0.002371781851121654
M_r1_4,I2,8,0.18736689318904365,0.43285897609850216,0.3747337863780873,0.24999999999999922,0.0014009455603704415
M_r1_4,I2,9,0.1874267611852975,0.4329281247335376,0.3748535223705951,0.24999999999999895,0.0007787926113193562
M_r1_4,I2,10,0.18744230704708564,0.4329460786831146,0.3748846140941716,0.24999999999999933,0.00040852631194013365
M_r1_4,I2,11,0.18745119637392585,0.4329563446514277,0.37490239274785175,0.24999999999999942,0.00020204462434856744
M_r1_4,I2,12,0.18746116437984783,0.43296785605844673,0.37492232875969556,0.24999999999999906,9.378445541929323e-05
M_r1_4,I3,1,0.09146824654433577,0.3024371778474594,0.18293649308867152,0.111205115959534,0.0005227632923746914
M_r1_4,I3,2,0.1376890089735529,0.37106469647967444,0.2753780179471062,0.19521932317044943,0.0010809349966689928
M_r1_4,I3,3,0.16122926461975312,0.4015336407074171,0.3224585292395062,0.24999999999999964,0.0012327270539626695
M_r1_4,I3,4,0.17339120518797752,0.4164026959422543,0.34678241037595525,0.24999999999999917,0.001088486067784361
M_r1_4,I3,5,0.1797959057231181,0.42402347308034505,0.35959181144623636,0.24999999999999944,0.0008270553959948753
M_r1_4,I3,6,0.18323998663758514,0.42806539995377474,0.36647997327517035,0.2499999999999995,0.000566335045662278
M_r1_4,I3,7,0.18512773594845078,0.43026472775310176,0.3702554718969016,0.2499999999999991,0.00035786080745842574
M_r1_4,I3,8,0.18617732605253717,0.43148270655095455,0.37235465210507424,0.24999999999999922,0.00021137842386405363
M_r1_4,I3,9,0.18676547489210682,0.43216371306728985,0.3735309497842134,0.24999999999999895,0.00011750631812854064
M_r1_4,I3,10,0.18709542028086934,0.4325452811913099,0.3741908405617389,0.24999999999999933,6.163954572372279e-05
M_r1_4,I3,11,0.18727963678443746,0.43275817356167573,0.37455927356887486,0.24999999999999942,3.0485034860107047e-05
M_r1_4,I3,12,0.18738153037461736,0.4328758833368029,0.3747630607492347,0.24999999999999906,1.4150450188968662e-05
M_r1_4,I4,1,0.09094548325196115,0.301571688412492,0.1818909665039223,0.111205115959534,0.0
M_r1_4,I4,2,0.13660807397688401,0.36960529484422167,0.27321614795376803,0.19521932317044943,0.0
M_r1_4,I4,3,0.15999653756579035,0.39999567193382274,0.3199930751315807,0.24999999999999964,0.0
M_r1_4,I4,4,0.1723027191201933,0.4150936269327599,0.3446054382403866,0.24999999999999917,0.0
M_r1_4,I4,5,0.17896885032712334,0.4230471017831505,0.3579377006542467,0.24999999999999944,0.0
M_r1_4,I4,6,0.1826736515919229,0.42740338275676165,0.3653473031838458,0.2499999999999995,0.0
M_r1_4,I4,7,0.18476987514099247,0.4298486653939878,0.36953975028198494,0.2499999999999991,0.0
M_r1_4,I4,8,0.18596594762867324,0.43123769272719337,0.3719318952573465,0.24999999999999922,0.0
M_r1_4,I4,9,0.18664796857397833,0.4320277405144007,0.37329593714795667,0.24999999999999895,0.0
M_r1_4,I4,10,0.18703378073514557,0.4324740231911572,0.3740675614702912,0.24999999999999933,0.0
M_r1_4,I4,11,0.18724915174957735,0.4327229503384092,0.3744983034991547,0.24999999999999942,0.0
M_r1_4,I4,12,0.18736737992442837,0.4328595383313487,0.3747347598488567,0.24999999999999906,0.0
L_r1,I0,1,0.213206910274728,0.46174333809458257,0.4264138205494558,0.3333333333333332,4.70361553300293e-31
L_r1,I0,2,0.22185648089942434,0.4710164337891241,0.4437129617988484,0.33333333333333437,8.636345326314163e-31
L_r1,I0,3,0.2222073844976952,0.4713887827448752,0.4444147689953902,0.333333333333334,4.94982724519827e-31
L_r1,I0,4,0.22222162027200407,0.4714038823259775,0.4444432405440077,0.33333333333333504,1.05434957983284e-30
L_r1,I0,5,0.222222197801762,0.4714044948892214,0.4444443956035236,0.3333333333333345,1.5548899919432932e-30
L_r1,I0,6,0.22222222123151109,0.47140451974022385,0.44444444246302184,0.33333333333333515,8.0663287956821e-31
L_r1,I0,7,0.22222222218203092,0.4714045207484024,0.44444444436406155,0.3333333333333357,9.043347648823831e-31
L_r1,I0,8,0.22222222222059243,0.471404520789303,0.44444444444118464,0.33333333333333653,9.737470975624647e-31
L_r1,I0,9,0.22222222222215687,0.47140452079096234,0.4444444444443133,0.33333333333333687,2.494727278391189e-30
L_r1,I0,10,0.22222222222222066,0.47140452079103,0.4444444444444411,0.33333333333333653,4.567253075007976e-31
L_r1,I0,11,0.22222222222222335,0.4714045207910329,0.4444444444444465,0.33333333333333726,3.0372908435230194e-31
L_r1,I0,12,0.22222222222222368,0.47140452079103323,0.4444444444444473,0.33333333333333837,5.959863916391566e-31
L_r1,I1,1,0.2132069102747281,0.4617433380945827,0.42641382054945615,0.3333333333333332,3.234887630631682e-32
L_r1,I1,2,0.2218564808994244,0.47101643378912417,0.44371296179884867,0.33333333333333437,3.5318157659295096e-32
L_r1,I1,3,0.2222073844976952,0.4713887827448752,0.44441476899539034,0.333333333333334,6.902954600319574e-32
L_r1,I1,4,0.22222162027200407,0.4714038823259775,0.444443240544008,0.33333333333333504,4.600971029870684e-32
L_r1,I1,5,0.222222197801762,0.4714044948892214,0.44444439560352406,0.3333333333333345,4.982378318834857e-32
L_r1,I1,6,0.22222222123151109,0.47140451974022385,0.4444444424630223,0.33333333333333515,3.6273317744916363e-32
L_r1,I1,7,0.22222222218203092,0.4714045207484024,0.4444444443640618,0.3333333333333357,3.584812988907685e-32
L_r1,I1,8,0.22222222222059249,0.47140452078930306,0.44444444444118486,0.33333333333333653,3.676667040273239e-32
L_r1,I1,9,0.22222222222215687,0.47140452079096234,0.4444444444443137,0.33333333333333687,6.800397408453759e-32
L_r1,I1,10,0.22222222222222066,0.47140452079103,0.4444444444444412,0.33333333333333653,3.551793362271859e-32
L_r1,I1,11,0.22222222222222335,0.4714045207910329,0.44444444444444675,0.33333333333333726,1.0377531008944978e-31
L_r1,I1,12,0.22222222222222368,0.47140452079103323,0.44444444444444736,0.33333333333333837,4.07424932654681e-32
L_r1,I2,1,0.21320691027472807,0.4617433380945827,0.426413820549456,0.3333333333333332,1.2666095550486506e-31
L_r1,I2,2,0.2218564808994244,0.47101643378912417,0.44371296179884867,0.33333333333333437,3.4889203012113063e-32
L_r1,I2,3,0.2222073844976952,0.4713887827448752,0.44441476899539045,0.333333333333334,9.359764815062371e-32
L_r1,I2,4,0.22222162027200407,0.4714038823259775,0.4444432405440079,0.33333333333333504,6.865008021330074e-32
L_r1,I2,5,0.22222219780176197,0.4714044948892214,0.44444439560352395,0.3333333333333345,6.256807915785198e-32
L_r1,I2,6,0.22222222123151109,0.47140451974022385,0.44444444246302217,0.33333333333333515,1.0382850094718402e-31
L_r1,I2,7,0.22222222218203092,0.4714045207484024,0.4444444443640618,0.3333333333333357,8.007721569174626e-32
L_r1,I2,8,0.22222222222059243,0.471404520789303,0.4444444444411849,0.33333333333333653,1.3683574640276381e-31
L_r1,I2,9,0.22222222222215687,0.47140452079096234,0.44444444444431375,0.33333333333333687,4.9077714055813466e-32
L_r1,I2,10,0.22222222222222066,0.47140452079103,0.44444444444444114,0.33333333333333653,1.237990205728979e-31
L_r1,I2,11,0.22222222222222335,0.4714045207910329,0.44444444444444675,0.33333333333333726,1.009984356682405e-31
L_r1,I2,12,0.22222222222222368,0.47140452079103323,0.4444444444444474,0.33333333333333837,7.003826457426527e-32
L_r1,I3,1,0.2132069102747281,0.4617433380945827,0.42641382054945615,0.3333333333333332,1.56729083022056e-32
L_r1,I3,2,0.22185648089942434,0.4710164337891241,0.44371296179884867,0.33333333333333437,2.3829789247097546e-32
L_r1,I3,3,0.2222073844976952,0.4713887827448752,0.4444147689953904,0.333333333333334,1.79328391814655e-32
L_r1,I3,4,0.22222162027200407,0.4714038823259775,0.44444324054400813,0.33333333333333504,2.6638360841192533e-32
L_r1,I3,5,0.22222219780176203,0.4714044948892215,0.444444395603524,0.3333333333333345,2.59287520643978e-32
L_r1,I3,6,0.22222222123151109,0.47140451974022385,0.4444444424630223,0.33333333333333515,2.8952736839188254e-32
L_r1,I3,7,0.22222222218203092,0.4714045207484024,0.44444444436406183,0.3333333333333357,4.004938664678138e-32
L_r1,I3,8,0.22222222222059243,0.471404520789303,0.4444444444411849,0.33333333333333653,1.5448076467929692e-32
L_r1,I3,9,0.22222222222215687,0.47140452079096234,0.4444444444443137,0.33333333333333687,3.03727896930836e-32
L_r1,I3,10,0.22222222222222066,0.47140452079103,0.4444444444444413,0.33333333333333653,1.9732437653385467e-32
L_r1,I3,11,0.22222222222222335,0.4714045207910329,0.44444444444444675,0.33333333333333726,2.695553161641934e-32
L_r1,I3,12,0.22222222222222368,0.47140452079103323,0.44444444444444736,0.33333333333333837,2.1373174777794345e-32
L_r1,I4,1,0.2132069102747281,0.4617433380945827,0.42641382054945604,0.3333333333333332,0.0
L_r1,I4,2,0.2218564808994244,0.47101643378912417,0.44371296179884867,0.33333333333333437,0.0
L_r1,I4,3,0.2222073844976952,0.4713887827448752,0.4444147689953904,0.333333333333334,0.0
L_r1,I4,4,0.22222162027200407,0.4714038823259775,0.44444324054400813,0.33333333333333504,0.0
L_r1,I4,5,0.22222219780176203,0.4714044948892215,0.444444395603524,0.3333333333333345,0.0
L_r1,I4,6,0.22222222123151109,0.47140451974022385,0.44444444246302217,0.33333333333333515,0.0
L_r1,I4,7,0.22222222218203092,0.4714045207484024,0.44444444436406183,0.3333333333333357,0.0
L_r1,I4,8,0.22222222222059243,0.471404520789303,0.44444444444118486,0.33333333333333653,0.0
L_r1,I4,9,0.22222222222215687,0.47140452079096234,0.44444444444431375,0.33333333333333687,0.0
L_r1,I4,10,0.22222222222222066,0.47140452079103,0.4444444444444413,0.33333333333333653,0.0
L_r1,I4,11,0.22222222222222338,0.4714045207910329,0.4444444444444467,0.33333333333333726,0.0
L_r1,I4,12,0.22222222222222368,0.47140452079103323,0.44444444444444736,0.33333333333333837,0.0
L_r1_4,I0,1,0.11850075333068796,0.34423938375887203,0.23700150666137634,0.1408050839575017,3.964762720815021e-31
L_r1_4,I0,2,0.17381057823164336,0.41690595849860834,0.34762115646328684,0.23700150666137598,2.500191996451171e-32
L_r1_4,I0,3,0.1996262515045167,0.44679553657631443,0.39925250300903353,0.30272180227098144,2.2131762050087616e-31
L_r1_4,I0,4,0.21167562948980503,0.4600821986230341,0.42335125897960985,0.33333333333333487,5.910314692998038e-31
L_r1_4,I0,5,0.21729963581719092,0.46615409020750953,0.43459927163438195,0.3333333333333354,2.089998126878305e-31
L_r1_4,I0,6,0.2199246217051837,0.46896121556604625,0.4398492434103675,0.33333333333333637,6.441853019882271e-31
L_r1_4,I0,7,0.22114982496973346,0.47026569614392827,0.4422996499394668,0.33333333333333637,1.5820641446877296e-31
L_r1_4,I0,8,0.22172168444003723,0.47087332101111573,0.4434433688800745,0.33333333333333715,1.6867635847221073e-30
L_r1_4,I0,9,0.22198859790920544,0.4711566596252306,0.4439771958184107,0.3333333333333376,9.44798965174431e-31
L_r1_4,I0,10,0.22211317886610593,0.47128884865452303,0.44422635773221164,0.33333333333333814,1.8220804621179597e-31
L_r1_4,I0,11,0.22217132660541178,0.47135053474607597,0.44434265321082356,0.33333333333333826,3.5532799443575997e-31
L_r1_4,I0,12,0.22219846686561234,0.4713793237570061,0.44439693373122463,0.3333333333333386,9.872753452373846e-32
L_r1_4,I1,1,0.11850075333068796,0.34423938375887203,0.23700150666137598,0.1408050839575017,2.2601745685053024e-32
L_r1_4,I1,2,0.17381057823164336,0.41690595849860834,0.34762115646328673,0.23700150666137598,1.95374332947389e-32
L_r1_4,I1,3,0.1996262515045167,0.44679553657631443,0.39925250300903325,0.30272180227098144,3.689711888993147e-32
L_r1_4,I1,4,0.21167562948980506,0.4600821986230342,0.4233512589796101,0.33333333333333487,2.3892801139359935e-32
L_r1_4,I1,5,0.21729963581719092,0.46615409020750953,0.4345992716343817,0.3333333333333354,3.731154742945682e-32
L_r1_4,I1,6,0.2199246217051837,0.46896121556604625,0.43984924341036735,0.33333333333333637,1.6737507011676795e-32
L_r1_4,I1,7,0.22114982496973346,0.47026569614392827,0.4422996499394669,0.33333333333333637,2.228533736074514e-32
L_r1_4,I1,8,0.2217216844400372,0.4708733210111157,0.4434433688800745,0.33333333333333715,2.238967809925504e-32
L_r1_4,I1,9,0.22198859790920544,0.4711566596252306,0.4439771958184109,0.3333333333333376,1.9912635123632901e-32
L_r1_4,I1,10,0.22211317886610593,0.47128884865452303,0.4442263577322118,0.33333333333333814,1.3565479686887036e-32
L_r1_4,I1,11,0.22217132660541178,0.47135053474607597,0.4443426532108236,0.33333333333333826,4.985039537388772e-32
L_r1_4,I1,12,0.22219846686561237,0.4713793237570061,0.44439693373122474,0.3333333333333386,3.6536108974854223e-32
L_r1_4,I2,1,0.11850075333068796,0.34423938375887203,0.23700150666137604,0.1408050839575017,1.000394772422269e-31
L_r1_4,I2,2,0.17381057823164336,0.41690595849860834,0.34762115646328695,0.23700150666137598,2.570673433649294e-31
L_r1_4,I2,3,0.1996262515045167,0.44679553657631443,0.3992525030090335,0.30272180227098144,1.425411080249869e-31
L_r1_4,I2,4,0.21167562948980503,0.4600821986230341,0.42335125897961035,0.33333333333333487,1.7550503114314652e-31
L_r1_4,I2,5,0.21729963581719092,0.46615409020750953,0.4345992716343819,0.3333333333333354,1.3870734981788307e-31
L_r1_4,I2,6,0.2199246217051837,0.46896121556604625,0.4398492434103675,0.33333333333333637,2.584788364178005e-31
L_r1_4,I2,7,0.22114982496973346,0.47026569614392827,0.44229964993946685,0.33333333333333637,1.0295167285585756e-31
L_r1_4,I2,8,0.2217216844400372,0.4708733210111157,0.4434433688800745,0.33333333333333715,1.4487797222054436e-31
L_r1_4,I2,9,0.22198859790920544,0.4711566596252306,0.4439771958184109,0.3333333333333376,7.764474997701792e-32
L_r1_4,I2,10,0.22211317886610593,0.47128884865452303,0.444226357732212,0.33333333333333814,1.6338353098334243e-31
L_r1_4,I2,11,0.22217132660541178,0.47135053474607597,0.4443426532108236,0.33333333333333826,1.5947113763774013e-31
L_r1_4,I2,12,0.22219846686561237,0.4713793237570061,0.4443969337312248,0.3333333333333386,1.6957562831351445e-31
L_r1_4,I3,1,0.11850075333068796,0.34423938375887203,0.23700150666137587,0.1408050839575017,2.2211312008054015e-32
L_r1_4,I3,2,0.17381057823164336,0.41690595849860834,0.34762115646328673,0.23700150666137598,2.456556710899472e-32
L_r1_4,I3,3,0.1996262515045167,0.44679553657631443,0.3992525030090334,0.30272180227098144,1.803452242989664e-32
L_r1_4,I3,4,0.21167562948980506,0.4600821986230342,0.4233512589796101,0.33333333333333487,1.2915183284750398e-32
L_r1_4,I3,5,0.21729963581719092,0.46615409020750953,0.43459927163438183,0.3333333333333354,2.3815805934670725e-32
L_r1_4,I3,6,0.2199246217051837,0.46896121556604625,0.4398492434103674,0.33333333333333637,1.1920205638545751e-32
L_r1_4,I3,7,0.22114982496973346,0.47026569614392827,0.4422996499394668,0.33333333333333637,1.7522448384407462e-32
L_r1_4,I3,8,0.2217216844400372,0.4708733210111157,0.44344336888007446,0.33333333333333715,2.3225742274733202e-32
L_r1_4,I3,9,0.22198859790920544,0.4711566596252306,0.4439771958184109,0.3333333333333376,3.53001494262251e-32
L_r1_4,I3,10,0.22211317886610593,0.47128884865452303,0.44422635773221175,0.33333333333333814,1.717299836618215e-32
L_r1_4,I3,11,0.22217132660541178,0.47135053474607597,0.44434265321082356,0.33333333333333826,1.632092067044059e-32
L_r1_4,I3,12,0.22219846686561237,0.4713793237570061,0.44439693373122474,0.3333333333333386,3.086998553725588e-32
L_r1_4,I4,1,0.11850075333068796,0.34423938375887203,0.23700150666137593,0.1408050839575017,0.0
L_r1_4,I4,2,0.17381057823164336,0.41690595849860834,0.34762115646328673,0.23700150666137598,0.0
L_r1_4,I4,3,0.1996262515045167,0.44679553657631443,0.39925250300903337,0.30272180227098144,0.0
L_r1_4,I4,4,0.21167562948980506,0.4600821986230342,0.4233512589796101,0.33333333333333487,0.0
L_r1_4,I4,5,0.21729963581719092,0.46615409020750953,0.43459927163438183,0.3333333333333354,0.0
L_r1_4,I4,6,0.2199246217051837,0.46896121556604625,0.4398492434103674,0.33333333333333637,0.0
L_r1_4,I4,7,0.22114982496973346,0.47026569614392827,0.4422996499394669,0.33333333333333637,0.0
L_r1_4,I4,8,0.2217216844400372,0.4708733210111157,0.4434433688800744,0.33333333333333715,0.0
L_r1_4,I4,9,0.22198859790920544,0.4711566596252306,0.4439771958184109,0.3333333333333376,0.0
L_r1_4,I4,10,0.22211317886610593,0.47128884865452303,0.4442263577322118,0.33333333333333814,0.0
L_r1_4,I4,11,0.22217132660541178,0.47135053474607597,0.44434265321082356,0.33333333333333826,0.0
L_r1_4,I4,12,0.22219846686561234,0.4713793237570061,0.44439693373122474,0.3333333333333386,0.0
