dataset,series,K,origin_start,N,support_end_exclusive,shared_missing_with_next_block
beijing,Aotizhongxin,24,8760,168,8951,0
beijing,Aotizhongxin,24,8928,168,9119,0
beijing,Aotizhongxin,24,9096,168,9287,0
beijing,Aotizhongxin,24,9264,168,9455,0
beijing,Aotizhongxin,24,9432,168,9623,0
beijing,Aotizhongxin,24,9600,168,9791,0
beijing,Aotizhongxin,24,9768,168,9959,0
beijing,Aotizhongxin,24,9936,168,10127,7
beijing,Aotizhongxin,24,10104,168,10295,0
beijing,Aotizhongxin,24,10272,168,10463,0
beijing,Aotizhongxin,24,10440,168,10631,0
beijing,Aotizhongxin,24,10608,168,10799,2
beijing,Aotizhongxin,24,10776,168,10967,0
beijing,Aotizhongxin,24,10944,168,11135,0
beijing,Aotizhongxin,24,11112,168,11303,0
beijing,Aotizhongxin,24,11280,168,11471,0
beijing,Aotizhongxin,24,11448,168,11639,0
beijing,Aotizhongxin,24,11616,168,11807,0
beijing,Aotizhongxin,24,11784,168,11975,0
beijing,Aotizhongxin,24,11952,168,12143,0
beijing,Aotizhongxin,24,12120,168,12311,0
beijing,Aotizhongxin,24,12288,168,12479,0
beijing,Aotizhongxin,24,12456,168,12647,0
beijing,Aotizhongxin,24,12624,168,12815,0
beijing,Aotizhongxin,24,12792,168,12983,0
beijing,Aotizhongxin,24,12960,168,13151,0
beijing,Aotizhongxin,24,13128,168,13319,0
beijing,Aotizhongxin,24,13296,168,13487,0
beijing,Aotizhongxin,24,13464,168,13655,0
beijing,Aotizhongxin,24,13632,168,13823,0
beijing,Aotizhongxin,24,13800,168,13991,0
beijing,Aotizhongxin,24,13968,168,14159,0
beijing,Aotizhongxin,24,14136,168,14327,0
beijing,Aotizhongxin,24,14304,168,14495,0
beijing,Aotizhongxin,24,14472,168,14663,0
beijing,Aotizhongxin,24,14640,168,14831,0
beijing,Aotizhongxin,24,14808,168,14999,0
beijing,Aotizhongxin,24,14976,168,15167,0
beijing,Aotizhongxin,24,15144,168,15335,0
beijing,Aotizhongxin,24,15312,168,15503,0
beijing,Aotizhongxin,24,15480,168,15671,2
beijing,Aotizhongxin,24,15648,168,15839,23
beijing,Aotizhongxin,24,15816,168,16007,23
beijing,Aotizhongxin,24,15984,168,16175,0
beijing,Aotizhongxin,24,16152,168,16343,0
beijing,Aotizhongxin,24,16320,168,16511,0
beijing,Aotizhongxin,24,16488,168,16679,0
beijing,Aotizhongxin,24,16656,168,16847,0
beijing,Aotizhongxin,24,16824,168,17015,0
beijing,Aotizhongxin,24,16992,168,17183,0
beijing,Aotizhongxin,24,17160,168,17351,0
beijing,Aotizhongxin,24,17328,168,17519,0
beijing,Aotizhongxin,24,17496,1,17520,0
beijing,Aotizhongxin,72,8760,168,8999,0
beijing,Aotizhongxin,72,8928,168,9167,0
beijing,Aotizhongxin,72,9096,168,9335,0
beijing,Aotizhongxin,72,9264,168,9503,0
beijing,Aotizhongxin,72,9432,168,9671,0
beijing,Aotizhongxin,72,9600,168,9839,0
beijing,Aotizhongxin,72,9768,168,10007,0
beijing,Aotizhongxin,72,9936,168,10175,55
beijing,Aotizhongxin,72,10104,168,10343,0
beijing,Aotizhongxin,72,10272,168,10511,2
beijing,Aotizhongxin,72,10440,168,10679,0
beijing,Aotizhongxin,72,10608,168,10847,2
beijing,Aotizhongxin,72,10776,168,11015,0
beijing,Aotizhongxin,72,10944,168,11183,0
beijing,Aotizhongxin,72,11112,168,11351,0
beijing,Aotizhongxin,72,11280,168,11519,0
beijing,Aotizhongxin,72,11448,168,11687,0
beijing,Aotizhongxin,72,11616,168,11855,0
beijing,Aotizhongxin,72,11784,168,12023,1
beijing,Aotizhongxin,72,11952,168,12191,0
beijing,Aotizhongxin,72,12120,168,12359,0
beijing,Aotizhongxin,72,12288,168,12527,0
beijing,Aotizhongxin,72,12456,168,12695,0
beijing,Aotizhongxin,72,12624,168,12863,0
beijing,Aotizhongxin,72,12792,168,13031,1
beijing,Aotizhongxin,72,12960,168,13199,0
beijing,Aotizhongxin,72,13128,168,13367,0
beijing,Aotizhongxin,72,13296,168,13535,0
beijing,Aotizhongxin,72,13464,168,13703,0
beijing,Aotizhongxin,72,13632,168,13871,2
beijing,Aotizhongxin,72,13800,168,14039,1
beijing,Aotizhongxin,72,13968,168,14207,0
beijing,Aotizhongxin,72,14136,168,14375,0
beijing,Aotizhongxin,72,14304,168,14543,0
beijing,Aotizhongxin,72,14472,168,14711,2
beijing,Aotizhongxin,72,14640,168,14879,0
beijing,Aotizhongxin,72,14808,168,15047,0
beijing,Aotizhongxin,72,14976,168,15215,0
beijing,Aotizhongxin,72,15144,168,15383,0
beijing,Aotizhongxin,72,15312,168,15551,0
beijing,Aotizhongxin,72,15480,168,15719,6
beijing,Aotizhongxin,72,15648,168,15887,71
beijing,Aotizhongxin,72,15816,168,16055,71
beijing,Aotizhongxin,72,15984,168,16223,0
beijing,Aotizhongxin,72,16152,168,16391,0
beijing,Aotizhongxin,72,16320,168,16559,0
beijing,Aotizhongxin,72,16488,168,16727,0
beijing,Aotizhongxin,72,16656,168,16895,0
beijing,Aotizhongxin,72,16824,168,17063,0
beijing,Aotizhongxin,72,16992,168,17231,0
beijing,Aotizhongxin,72,17160,168,17399,0
beijing,Aotizhongxin,72,17328,121,17520,0
beijing,Changping,24,8760,168,8951,0
beijing,Changping,24,8928,168,9119,0
beijing,Changping,24,9096,168,9287,0
beijing,Changping,24,9264,168,9455,0
beijing,Changping,24,9432,168,9623,0
beijing,Changping,24,9600,168,9791,0
beijing,Changping,24,9768,168,9959,0
beijing,Changping,24,9936,168,10127,6
beijing,Changping,24,10104,168,10295,0
beijing,Changping,24,10272,168,10463,0
beijing,Changping,24,10440,168,10631,0
beijing,Changping,24,10608,168,10799,0
beijing,Changping,24,10776,168,10967,0
beijing,Changping,24,10944,168,11135,0
beijing,Changping,24,11112,168,11303,5
beijing,Changping,24,11280,168,11471,8
beijing,Changping,24,11448,168,11639,0
beijing,Changping,24,11616,168,11807,0
beijing,Changping,24,11784,168,11975,0
beijing,Changping,24,11952,168,12143,0
beijing,Changping,24,12120,168,12311,23
beijing,Changping,24,12288,168,12479,0
beijing,Changping,24,12456,168,12647,0
beijing,Changping,24,12624,168,12815,0
beijing,Changping,24,12792,168,12983,0
beijing,Changping,24,12960,168,13151,0
beijing,Changping,24,13128,168,13319,0
beijing,Changping,24,13296,168,13487,0
beijing,Changping,24,13464,168,13655,0
beijing,Changping,24,13632,168,13823,0
beijing,Changping,24,13800,168,13991,0
beijing,Changping,24,13968,168,14159,0
beijing,Changping,24,14136,168,14327,0
beijing,Changping,24,14304,168,14495,0
beijing,Changping,24,14472,168,14663,0
beijing,Changping,24,14640,168,14831,0
beijing,Changping,24,14808,168,14999,0
beijing,Changping,24,14976,168,15167,0
beijing,Changping,24,15144,168,15335,0
beijing,Changping,24,15312,168,15503,1
beijing,Changping,24,15480,168,15671,0
beijing,Changping,24,15648,168,15839,0
beijing,Changping,24,15816,168,16007,0
beijing,Changping,24,15984,168,16175,4
beijing,Changping,24,16152,168,16343,0
beijing,Changping,24,16320,168,16511,0
beijing,Changping,24,16488,168,16679,0
beijing,Changping,24,16656,168,16847,0
beijing,Changping,24,16824,168,17015,0
beijing,Changping,24,16992,168,17183,0
beijing,Changping,24,17160,168,17351,2
beijing,Changping,24,17328,168,17519,0
beijing,Changping,24,17496,1,17520,0
beijing,Changping,72,8760,168,8999,0
beijing,Changping,72,8928,168,9167,0
beijing,Changping,72,9096,168,9335,0
beijing,Changping,72,9264,168,9503,0
beijing,Changping,72,9432,168,9671,0
beijing,Changping,72,9600,168,9839,0
beijing,Changping,72,9768,168,10007,0
beijing,Changping,72,9936,168,10175,54
beijing,Changping,72,10104,168,10343,0
beijing,Changping,72,10272,168,10511,2
beijing,Changping,72,10440,168,10679,0
beijing,Changping,72,10608,168,10847,0
beijing,Changping,72,10776,168,11015,0
beijing,Changping,72,10944,168,11183,0
beijing,Changping,72,11112,168,11351,6
beijing,Changping,72,11280,168,11519,8
beijing,Changping,72,11448,168,11687,0
beijing,Changping,72,11616,168,11855,0
beijing,Changping,72,11784,168,12023,0
beijing,Changping,72,11952,168,12191,0
beijing,Changping,72,12120,168,12359,71
beijing,Changping,72,12288,168,12527,0
beijing,Changping,72,12456,168,12695,0
beijing,Changping,72,12624,168,12863,0
beijing,Changping,72,12792,168,13031,0
beijing,Changping,72,12960,168,13199,0
beijing,Changping,72,13128,168,13367,0
beijing,Changping,72,13296,168,13535,1
beijing,Changping,72,13464,168,13703,0
beijing,Changping,72,13632,168,13871,0
beijing,Changping,72,13800,168,14039,0
beijing,Changping,72,13968,168,14207,0
beijing,Changping,72,14136,168,14375,7
beijing,Changping,72,14304,168,14543,0
beijing,Changping,72,14472,168,14711,1
beijing,Changping,72,14640,168,14879,0
beijing,Changping,72,14808,168,15047,0
beijing,Changping,72,14976,168,15215,0
beijing,Changping,72,15144,168,15383,0
beijing,Changping,72,15312,168,15551,1
beijing,Changping,72,15480,168,15719,0
beijing,Changping,72,15648,168,15887,2
beijing,Changping,72,15816,168,16055,1
beijing,Changping,72,15984,168,16223,5
beijing,Changping,72,16152,168,16391,2
beijing,Changping,72,16320,168,16559,0
beijing,Changping,72,16488,168,16727,2
beijing,Changping,72,16656,168,16895,0
beijing,Changping,72,16824,168,17063,0
beijing,Changping,72,16992,168,17231,1
beijing,Changping,72,17160,168,17399,2
beijing,Changping,72,17328,121,17520,0
beijing,Dingling,24,8760,168,8951,0
beijing,Dingling,24,8928,168,9119,0
beijing,Dingling,24,9096,168,9287,0
beijing,Dingling,24,9264,168,9455,0
beijing,Dingling,24,9432,168,9623,0
beijing,Dingling,24,9600,168,9791,0
beijing,Dingling,24,9768,168,9959,0
beijing,Dingling,24,9936,168,10127,0
beijing,Dingling,24,10104,168,10295,0
beijing,Dingling,24,10272,168,10463,0
beijing,Dingling,24,10440,168,10631,0
beijing,Dingling,24,10608,168,10799,0
beijing,Dingling,24,10776,168,10967,1
beijing,Dingling,24,10944,168,11135,0
beijing,Dingling,24,11112,168,11303,0
beijing,Dingling,24,11280,168,11471,0
beijing,Dingling,24,11448,168,11639,0
beijing,Dingling,24,11616,168,11807,4
beijing,Dingling,24,11784,168,11975,0
beijing,Dingling,24,11952,168,12143,0
beijing,Dingling,24,12120,168,12311,0
beijing,Dingling,24,12288,168,12479,0
beijing,Dingling,24,12456,168,12647,0
beijing,Dingling,24,12624,168,12815,0
beijing,Dingling,24,12792,168,12983,0
beijing,Dingling,24,12960,168,13151,0
beijing,Dingling,24,13128,168,13319,0
beijing,Dingling,24,13296,168,13487,0
beijing,Dingling,24,13464,168,13655,0
beijing,Dingling,24,13632,168,13823,0
beijing,Dingling,24,13800,168,13991,0
beijing,Dingling,24,13968,168,14159,0
beijing,Dingling,24,14136,168,14327,0
beijing,Dingling,24,14304,168,14495,0
beijing,Dingling,24,14472,168,14663,0
beijing,Dingling,24,14640,168,14831,0
beijing,Dingling,24,14808,168,14999,0
beijing,Dingling,24,14976,168,15167,0
beijing,Dingling,24,15144,168,15335,0
beijing,Dingling,24,15312,168,15503,0
beijing,Dingling,24,15480,168,15671,0
beijing,Dingling,24,15648,168,15839,0
beijing,Dingling,24,15816,168,16007,0
beijing,Dingling,24,15984,168,16175,0
beijing,Dingling,24,16152,168,16343,0
beijing,Dingling,24,16320,168,16511,0
beijing,Dingling,24,16488,168,16679,0
beijing,Dingling,24,16656,168,16847,0
beijing,Dingling,24,16824,168,17015,0
beijing,Dingling,24,16992,168,17183,0
beijing,Dingling,24,17160,168,17351,0
beijing,Dingling,24,17328,168,17519,0
beijing,Dingling,24,17496,1,17520,0
beijing,Dingling,72,8760,168,8999,0
beijing,Dingling,72,8928,168,9167,0
beijing,Dingling,72,9096,168,9335,0
beijing,Dingling,72,9264,168,9503,0
beijing,Dingling,72,9432,168,9671,0
beijing,Dingling,72,9600,168,9839,0
beijing,Dingling,72,9768,168,10007,0
beijing,Dingling,72,9936,168,10175,1
beijing,Dingling,72,10104,168,10343,1
beijing,Dingling,72,10272,168,10511,0
beijing,Dingling,72,10440,168,10679,0
beijing,Dingling,72,10608,168,10847,0
beijing,Dingling,72,10776,168,11015,10
beijing,Dingling,72,10944,168,11183,11
beijing,Dingling,72,11112,168,11351,0
beijing,Dingling,72,11280,168,11519,0
beijing,Dingling,72,11448,168,11687,2
beijing,Dingling,72,11616,168,11855,10
beijing,Dingling,72,11784,168,12023,0
beijing,Dingling,72,11952,168,12191,0
beijing,Dingling,72,12120,168,12359,0
beijing,Dingling,72,12288,168,12527,0
beijing,Dingling,72,12456,168,12695,6
beijing,Dingling,72,12624,168,12863,0
beijing,Dingling,72,12792,168,13031,0
beijing,Dingling,72,12960,168,13199,1
beijing,Dingling,72,13128,168,13367,0
beijing,Dingling,72,13296,168,13535,1
beijing,Dingling,72,13464,168,13703,0
beijing,Dingling,72,13632,168,13871,0
beijing,Dingling,72,13800,168,14039,0
beijing,Dingling,72,13968,168,14207,0
beijing,Dingling,72,14136,168,14375,0
beijing,Dingling,72,14304,168,14543,0
beijing,Dingling,72,14472,168,14711,0
beijing,Dingling,72,14640,168,14879,0
beijing,Dingling,72,14808,168,15047,0
beijing,Dingling,72,14976,168,15215,0
beijing,Dingling,72,15144,168,15383,1
beijing,Dingling,72,15312,168,15551,1
beijing,Dingling,72,15480,168,15719,0
beijing,Dingling,72,15648,168,15887,0
beijing,Dingling,72,15816,168,16055,0
beijing,Dingling,72,15984,168,16223,0
beijing,Dingling,72,16152,168,16391,0
beijing,Dingling,72,16320,168,16559,0
beijing,Dingling,72,16488,168,16727,0
beijing,Dingling,72,16656,168,16895,0
beijing,Dingling,72,16824,168,17063,0
beijing,Dingling,72,16992,168,17231,0
beijing,Dingling,72,17160,168,17399,0
beijing,Dingling,72,17328,121,17520,0
beijing,Dongsi,24,8760,168,8951,0
beijing,Dongsi,24,8928,168,9119,0
beijing,Dongsi,24,9096,168,9287,0
beijing,Dongsi,24,9264,168,9455,0
beijing,Dongsi,24,9432,168,9623,0
beijing,Dongsi,24,9600,168,9791,0
beijing,Dongsi,24,9768,168,9959,0
beijing,Dongsi,24,9936,168,10127,0
beijing,Dongsi,24,10104,168,10295,0
beijing,Dongsi,24,10272,168,10463,0
beijing,Dongsi,24,10440,168,10631,0
beijing,Dongsi,24,10608,168,10799,0
beijing,Dongsi,24,10776,168,10967,0
beijing,Dongsi,24,10944,168,11135,0
beijing,Dongsi,24,11112,168,11303,0
beijing,Dongsi,24,11280,168,11471,0
beijing,Dongsi,24,11448,168,11639,0
beijing,Dongsi,24,11616,168,11807,0
beijing,Dongsi,24,11784,168,11975,0
beijing,Dongsi,24,11952,168,12143,0
beijing,Dongsi,24,12120,168,12311,0
beijing,Dongsi,24,12288,168,12479,0
beijing,Dongsi,24,12456,168,12647,0
beijing,Dongsi,24,12624,168,12815,0
beijing,Dongsi,24,12792,168,12983,0
beijing,Dongsi,24,12960,168,13151,0
beijing,Dongsi,24,13128,168,13319,0
beijing,Dongsi,24,13296,168,13487,0
beijing,Dongsi,24,13464,168,13655,0
beijing,Dongsi,24,13632,168,13823,0
beijing,Dongsi,24,13800,168,13991,0
beijing,Dongsi,24,13968,168,14159,0
beijing,Dongsi,24,14136,168,14327,0
beijing,Dongsi,24,14304,168,14495,0
beijing,Dongsi,24,14472,168,14663,0
beijing,Dongsi,24,14640,168,14831,1
beijing,Dongsi,24,14808,168,14999,0
beijing,Dongsi,24,14976,168,15167,1
beijing,Dongsi,24,15144,168,15335,0
beijing,Dongsi,24,15312,168,15503,0
beijing,Dongsi,24,15480,168,15671,0
beijing,Dongsi,24,15648,168,15839,0
beijing,Dongsi,24,15816,168,16007,6
beijing,Dongsi,24,15984,168,16175,0
beijing,Dongsi,24,16152,168,16343,0
beijing,Dongsi,24,16320,168,16511,0
beijing,Dongsi,24,16488,168,16679,0
beijing,Dongsi,24,16656,168,16847,0
beijing,Dongsi,24,16824,168,17015,0
beijing,Dongsi,24,16992,168,17183,0
beijing,Dongsi,24,17160,168,17351,0
beijing,Dongsi,24,17328,168,17519,2
beijing,Dongsi,24,17496,1,17520,0
beijing,Dongsi,72,8760,168,8999,0
beijing,Dongsi,72,8928,168,9167,0
beijing,Dongsi,72,9096,168,9335,0
beijing,Dongsi,72,9264,168,9503,0
beijing,Dongsi,72,9432,168,9671,0
beijing,Dongsi,72,9600,168,9839,0
beijing,Dongsi,72,9768,168,10007,0
beijing,Dongsi,72,9936,168,10175,2
beijing,Dongsi,72,10104,168,10343,1
beijing,Dongsi,72,10272,168,10511,0
beijing,Dongsi,72,10440,168,10679,0
beijing,Dongsi,72,10608,168,10847,0
beijing,Dongsi,72,10776,168,11015,0
beijing,Dongsi,72,10944,168,11183,0
beijing,Dongsi,72,11112,168,11351,0
beijing,Dongsi,72,11280,168,11519,0
beijing,Dongsi,72,11448,168,11687,0
beijing,Dongsi,72,11616,168,11855,0
beijing,Dongsi,72,11784,168,12023,0
beijing,Dongsi,72,11952,168,12191,1
beijing,Dongsi,72,12120,168,12359,0
beijing,Dongsi,72,12288,168,12527,0
beijing,Dongsi,72,12456,168,12695,0
beijing,Dongsi,72,12624,168,12863,0
beijing,Dongsi,72,12792,168,13031,0
beijing,Dongsi,72,12960,168,13199,0
beijing,Dongsi,72,13128,168,13367,0
beijing,Dongsi,72,13296,168,13535,0
beijing,Dongsi,72,13464,168,13703,0
beijing,Dongsi,72,13632,168,13871,1
beijing,Dongsi,72,13800,168,14039,1
beijing,Dongsi,72,13968,168,14207,1
beijing,Dongsi,72,14136,168,14375,0
beijing,Dongsi,72,14304,168,14543,0
beijing,Dongsi,72,14472,168,14711,2
beijing,Dongsi,72,14640,168,14879,1
beijing,Dongsi,72,14808,168,15047,0
beijing,Dongsi,72,14976,168,15215,1
beijing,Dongsi,72,15144,168,15383,1
beijing,Dongsi,72,15312,168,15551,0
beijing,Dongsi,72,15480,168,15719,0
beijing,Dongsi,72,15648,168,15887,0
beijing,Dongsi,72,15816,168,16055,17
beijing,Dongsi,72,15984,168,16223,3
beijing,Dongsi,72,16152,168,16391,0
beijing,Dongsi,72,16320,168,16559,0
beijing,Dongsi,72,16488,168,16727,0
beijing,Dongsi,72,16656,168,16895,1
beijing,Dongsi,72,16824,168,17063,0
beijing,Dongsi,72,16992,168,17231,0
beijing,Dongsi,72,17160,168,17399,0
beijing,Dongsi,72,17328,121,17520,0
beijing,Guanyuan,24,8760,168,8951,0
beijing,Guanyuan,24,8928,168,9119,0
beijing,Guanyuan,24,9096,168,9287,0
beijing,Guanyuan,24,9264,168,9455,0
beijing,Guanyuan,24,9432,168,9623,4
beijing,Guanyuan,24,9600,168,9791,0
beijing,Guanyuan,24,9768,168,9959,0
beijing,Guanyuan,24,9936,168,10127,0
beijing,Guanyuan,24,10104,168,10295,0
beijing,Guanyuan,24,10272,168,10463,0
beijing,Guanyuan,24,10440,168,10631,0
beijing,Guanyuan,24,10608,168,10799,0
beijing,Guanyuan,24,10776,168,10967,0
beijing,Guanyuan,24,10944,168,11135,0
beijing,Guanyuan,24,11112,168,11303,0
beijing,Guanyuan,24,11280,168,11471,0
beijing,Guanyuan,24,11448,168,11639,0
beijing,Guanyuan,24,11616,168,11807,0
beijing,Guanyuan,24,11784,168,11975,0
beijing,Guanyuan,24,11952,168,12143,0
beijing,Guanyuan,24,12120,168,12311,0
beijing,Guanyuan,24,12288,168,12479,0
beijing,Guanyuan,24,12456,168,12647,0
beijing,Guanyuan,24,12624,168,12815,0
beijing,Guanyuan,24,12792,168,12983,0
beijing,Guanyuan,24,12960,168,13151,0
beijing,Guanyuan,24,13128,168,13319,0
beijing,Guanyuan,24,13296,168,13487,0
beijing,Guanyuan,24,13464,168,13655,0
beijing,Guanyuan,24,13632,168,13823,0
beijing,Guanyuan,24,13800,168,13991,0
beijing,Guanyuan,24,13968,168,14159,0
beijing,Guanyuan,24,14136,168,14327,0
beijing,Guanyuan,24,14304,168,14495,0
beijing,Guanyuan,24,14472,168,14663,0
beijing,Guanyuan,24,14640,168,14831,0
beijing,Guanyuan,24,14808,168,14999,0
beijing,Guanyuan,24,14976,168,15167,0
beijing,Guanyuan,24,15144,168,15335,0
beijing,Guanyuan,24,15312,168,15503,0
beijing,Guanyuan,24,15480,168,15671,0
beijing,Guanyuan,24,15648,168,15839,0
beijing,Guanyuan,24,15816,168,16007,0
beijing,Guanyuan,24,15984,168,16175,0
beijing,Guanyuan,24,16152,168,16343,0
beijing,Guanyuan,24,16320,168,16511,0
beijing,Guanyuan,24,16488,168,16679,0
beijing,Guanyuan,24,16656,168,16847,0
beijing,Guanyuan,24,16824,168,17015,0
beijing,Guanyuan,24,16992,168,17183,0
beijing,Guanyuan,24,17160,168,17351,0
beijing,Guanyuan,24,17328,168,17519,0
beijing,Guanyuan,24,17496,1,17520,0
beijing,Guanyuan,72,8760,168,8999,0
beijing,Guanyuan,72,8928,168,9167,0
beijing,Guanyuan,72,9096,168,9335,0
beijing,Guanyuan,72,9264,168,9503,0
beijing,Guanyuan,72,9432,168,9671,4
beijing,Guanyuan,72,9600,168,9839,0
beijing,Guanyuan,72,9768,168,10007,0
beijing,Guanyuan,72,9936,168,10175,2
beijing,Guanyuan,72,10104,168,10343,3
beijing,Guanyuan,72,10272,168,10511,0
beijing,Guanyuan,72,10440,168,10679,0
beijing,Guanyuan,72,10608,168,10847,0
beijing,Guanyuan,72,10776,168,11015,0
beijing,Guanyuan,72,10944,168,11183,0
beijing,Guanyuan,72,11112,168,11351,0
beijing,Guanyuan,72,11280,168,11519,0
beijing,Guanyuan,72,11448,168,11687,0
beijing,Guanyuan,72,11616,168,11855,0
beijing,Guanyuan,72,11784,168,12023,0
beijing,Guanyuan,72,11952,168,12191,0
beijing,Guanyuan,72,12120,168,12359,0
beijing,Guanyuan,72,12288,168,12527,0
beijing,Guanyuan,72,12456,168,12695,0
beijing,Guanyuan,72,12624,168,12863,0
beijing,Guanyuan,72,12792,168,13031,0
beijing,Guanyuan,72,12960,168,13199,0
beijing,Guanyuan,72,13128,168,13367,0
beijing,Guanyuan,72,13296,168,13535,0
beijing,Guanyuan,72,13464,168,13703,0
beijing,Guanyuan,72,13632,168,13871,0
beijing,Guanyuan,72,13800,168,14039,1
beijing,Guanyuan,72,13968,168,14207,0
beijing,Guanyuan,72,14136,168,14375,0
beijing,Guanyuan,72,14304,168,14543,0
beijing,Guanyuan,72,14472,168,14711,3
beijing,Guanyuan,72,14640,168,14879,0
beijing,Guanyuan,72,14808,168,15047,0
beijing,Guanyuan,72,14976,168,15215,0
beijing,Guanyuan,72,15144,168,15383,0
beijing,Guanyuan,72,15312,168,15551,1
beijing,Guanyuan,72,15480,168,15719,0
beijing,Guanyuan,72,15648,168,15887,0
beijing,Guanyuan,72,15816,168,16055,1
beijing,Guanyuan,72,15984,168,16223,1
beijing,Guanyuan,72,16152,168,16391,0
beijing,Guanyuan,72,16320,168,16559,0
beijing,Guanyuan,72,16488,168,16727,0
beijing,Guanyuan,72,16656,168,16895,0
beijing,Guanyuan,72,16824,168,17063,0
beijing,Guanyuan,72,16992,168,17231,0
beijing,Guanyuan,72,17160,168,17399,0
beijing,Guanyuan,72,17328,121,17520,0
beijing,Gucheng,24,8760,168,8951,0
beijing,Gucheng,24,8928,168,9119,0
beijing,Gucheng,24,9096,168,9287,0
beijing,Gucheng,24,9264,168,9455,0
beijing,Gucheng,24,9432,168,9623,0
beijing,Gucheng,24,9600,168,9791,0
beijing,Gucheng,24,9768,168,9959,0
beijing,Gucheng,24,9936,168,10127,9
beijing,Gucheng,24,10104,168,10295,0
beijing,Gucheng,24,10272,168,10463,0
beijing,Gucheng,24,10440,168,10631,0
beijing,Gucheng,24,10608,168,10799,0
beijing,Gucheng,24,10776,168,10967,0
beijing,Gucheng,24,10944,168,11135,0
beijing,Gucheng,24,11112,168,11303,0
beijing,Gucheng,24,11280,168,11471,0
beijing,Gucheng,24,11448,168,11639,0
beijing,Gucheng,24,11616,168,11807,0
beijing,Gucheng,24,11784,168,11975,0
beijing,Gucheng,24,11952,168,12143,0
beijing,Gucheng,24,12120,168,12311,0
beijing,Gucheng,24,12288,168,12479,0
beijing,Gucheng,24,12456,168,12647,0
beijing,Gucheng,24,12624,168,12815,0
beijing,Gucheng,24,12792,168,12983,0
beijing,Gucheng,24,12960,168,13151,0
beijing,Gucheng,24,13128,168,13319,0
beijing,Gucheng,24,13296,168,13487,0
beijing,Gucheng,24,13464,168,13655,0
beijing,Gucheng,24,13632,168,13823,0
beijing,Gucheng,24,13800,168,13991,1
beijing,Gucheng,24,13968,168,14159,0
beijing,Gucheng,24,14136,168,14327,0
beijing,Gucheng,24,14304,168,14495,0
beijing,Gucheng,24,14472,168,14663,0
beijing,Gucheng,24,14640,168,14831,0
beijing,Gucheng,24,14808,168,14999,0
beijing,Gucheng,24,14976,168,15167,0
beijing,Gucheng,24,15144,168,15335,0
beijing,Gucheng,24,15312,168,15503,0
beijing,Gucheng,24,15480,168,15671,0
beijing,Gucheng,24,15648,168,15839,0
beijing,Gucheng,24,15816,168,16007,0
beijing,Gucheng,24,15984,168,16175,0
beijing,Gucheng,24,16152,168,16343,0
beijing,Gucheng,24,16320,168,16511,0
beijing,Gucheng,24,16488,168,16679,0
beijing,Gucheng,24,16656,168,16847,0
beijing,Gucheng,24,16824,168,17015,0
beijing,Gucheng,24,16992,168,17183,0
beijing,Gucheng,24,17160,168,17351,0
beijing,Gucheng,24,17328,168,17519,0
beijing,Gucheng,24,17496,1,17520,0
beijing,Gucheng,72,8760,168,8999,8
beijing,Gucheng,72,8928,168,9167,0
beijing,Gucheng,72,9096,168,9335,0
beijing,Gucheng,72,9264,168,9503,0
beijing,Gucheng,72,9432,168,9671,0
beijing,Gucheng,72,9600,168,9839,25
beijing,Gucheng,72,9768,168,10007,0
beijing,Gucheng,72,9936,168,10175,9
beijing,Gucheng,72,10104,168,10343,2
beijing,Gucheng,72,10272,168,10511,0
beijing,Gucheng,72,10440,168,10679,0
beijing,Gucheng,72,10608,168,10847,0
beijing,Gucheng,72,10776,168,11015,0
beijing,Gucheng,72,10944,168,11183,0
beijing,Gucheng,72,11112,168,11351,1
beijing,Gucheng,72,11280,168,11519,0
beijing,Gucheng,72,11448,168,11687,0
beijing,Gucheng,72,11616,168,11855,1
beijing,Gucheng,72,11784,168,12023,0
beijing,Gucheng,72,11952,168,12191,2
beijing,Gucheng,72,12120,168,12359,0
beijing,Gucheng,72,12288,168,12527,0
beijing,Gucheng,72,12456,168,12695,0
beijing,Gucheng,72,12624,168,12863,0
beijing,Gucheng,72,12792,168,13031,0
beijing,Gucheng,72,12960,168,13199,0
beijing,Gucheng,72,13128,168,13367,0
beijing,Gucheng,72,13296,168,13535,0
beijing,Gucheng,72,13464,168,13703,0
beijing,Gucheng,72,13632,168,13871,1
beijing,Gucheng,72,13800,168,14039,1
beijing,Gucheng,72,13968,168,14207,0
beijing,Gucheng,72,14136,168,14375,0
beijing,Gucheng,72,14304,168,14543,0
beijing,Gucheng,72,14472,168,14711,4
beijing,Gucheng,72,14640,168,14879,0
beijing,Gucheng,72,14808,168,15047,0
beijing,Gucheng,72,14976,168,15215,0
beijing,Gucheng,72,15144,168,15383,1
beijing,Gucheng,72,15312,168,15551,0
beijing,Gucheng,72,15480,168,15719,0
beijing,Gucheng,72,15648,168,15887,0
beijing,Gucheng,72,15816,168,16055,14
beijing,Gucheng,72,15984,168,16223,3
beijing,Gucheng,72,16152,168,16391,0
beijing,Gucheng,72,16320,168,16559,0
beijing,Gucheng,72,16488,168,16727,0
beijing,Gucheng,72,16656,168,16895,0
beijing,Gucheng,72,16824,168,17063,0
beijing,Gucheng,72,16992,168,17231,1
beijing,Gucheng,72,17160,168,17399,0
beijing,Gucheng,72,17328,121,17520,0
beijing,Huairou,24,8760,168,8951,0
beijing,Huairou,24,8928,168,9119,0
beijing,Huairou,24,9096,168,9287,0
beijing,Huairou,24,9264,168,9455,0
beijing,Huairou,24,9432,168,9623,0
beijing,Huairou,24,9600,168,9791,0
beijing,Huairou,24,9768,168,9959,0
beijing,Huairou,24,9936,168,10127,0
beijing,Huairou,24,10104,168,10295,0
beijing,Huairou,24,10272,168,10463,0
beijing,Huairou,24,10440,168,10631,0
beijing,Huairou,24,10608,168,10799,0
beijing,Huairou,24,10776,168,10967,23
beijing,Huairou,24,10944,168,11135,0
beijing,Huairou,24,11112,168,11303,0
beijing,Huairou,24,11280,168,11471,0
beijing,Huairou,24,11448,168,11639,0
beijing,Huairou,24,11616,168,11807,0
beijing,Huairou,24,11784,168,11975,0
beijing,Huairou,24,11952,168,12143,0
beijing,Huairou,24,12120,168,12311,0
beijing,Huairou,24,12288,168,12479,0
beijing,Huairou,24,12456,168,12647,0
beijing,Huairou,24,12624,168,12815,0
beijing,Huairou,24,12792,168,12983,0
beijing,Huairou,24,12960,168,13151,2
beijing,Huairou,24,13128,168,13319,0
beijing,Huairou,24,13296,168,13487,1
beijing,Huairou,24,13464,168,13655,1
beijing,Huairou,24,13632,168,13823,0
beijing,Huairou,24,13800,168,13991,0
beijing,Huairou,24,13968,168,14159,0
beijing,Huairou,24,14136,168,14327,0
beijing,Huairou,24,14304,168,14495,0
beijing,Huairou,24,14472,168,14663,0
beijing,Huairou,24,14640,168,14831,0
beijing,Huairou,24,14808,168,14999,0
beijing,Huairou,24,14976,168,15167,0
beijing,Huairou,24,15144,168,15335,0
beijing,Huairou,24,15312,168,15503,0
beijing,Huairou,24,15480,168,15671,0
beijing,Huairou,24,15648,168,15839,0
beijing,Huairou,24,15816,168,16007,1
beijing,Huairou,24,15984,168,16175,0
beijing,Huairou,24,16152,168,16343,0
beijing,Huairou,24,16320,168,16511,0
beijing,Huairou,24,16488,168,16679,0
beijing,Huairou,24,16656,168,16847,0
beijing,Huairou,24,16824,168,17015,0
beijing,Huairou,24,16992,168,17183,0
beijing,Huairou,24,17160,168,17351,0
beijing,Huairou,24,17328,168,17519,0
beijing,Huairou,24,17496,1,17520,0
beijing,Huairou,72,8760,168,8999,0
beijing,Huairou,72,8928,168,9167,0
beijing,Huairou,72,9096,168,9335,0
beijing,Huairou,72,9264,168,9503,0
beijing,Huairou,72,9432,168,9671,0
beijing,Huairou,72,9600,168,9839,0
beijing,Huairou,72,9768,168,10007,2
beijing,Huairou,72,9936,168,10175,0
beijing,Huairou,72,10104,168,10343,0
beijing,Huairou,72,10272,168,10511,11
beijing,Huairou,72,10440,168,10679,0
beijing,Huairou,72,10608,168,10847,0
beijing,Huairou,72,10776,168,11015,71
beijing,Huairou,72,10944,168,11183,0
beijing,Huairou,72,11112,168,11351,0
beijing,Huairou,72,11280,168,11519,1
beijing,Huairou,72,11448,168,11687,1
beijing,Huairou,72,11616,168,11855,0
beijing,Huairou,72,11784,168,12023,0
beijing,Huairou,72,11952,168,12191,0
beijing,Huairou,72,12120,168,12359,0
beijing,Huairou,72,12288,168,12527,0
beijing,Huairou,72,12456,168,12695,0
beijing,Huairou,72,12624,168,12863,0
beijing,Huairou,72,12792,168,13031,0
beijing,Huairou,72,12960,168,13199,4
beijing,Huairou,72,13128,168,13367,0
beijing,Huairou,72,13296,168,13535,9
beijing,Huairou,72,13464,168,13703,1
beijing,Huairou,72,13632,168,13871,0
beijing,Huairou,72,13800,168,14039,1
beijing,Huairou,72,13968,168,14207,0
beijing,Huairou,72,14136,168,14375,0
beijing,Huairou,72,14304,168,14543,1
beijing,Huairou,72,14472,168,14711,1
beijing,Huairou,72,14640,168,14879,0
beijing,Huairou,72,14808,168,15047,0
beijing,Huairou,72,14976,168,15215,0
beijing,Huairou,72,15144,168,15383,0
beijing,Huairou,72,15312,168,15551,8
beijing,Huairou,72,15480,168,15719,1
beijing,Huairou,72,15648,168,15887,2
beijing,Huairou,72,15816,168,16055,3
beijing,Huairou,72,15984,168,16223,4
beijing,Huairou,72,16152,168,16391,0
beijing,Huairou,72,16320,168,16559,2
beijing,Huairou,72,16488,168,16727,0
beijing,Huairou,72,16656,168,16895,0
beijing,Huairou,72,16824,168,17063,0
beijing,Huairou,72,16992,168,17231,2
beijing,Huairou,72,17160,168,17399,0
beijing,Huairou,72,17328,121,17520,0
beijing,Nongzhanguan,24,8760,168,8951,0
beijing,Nongzhanguan,24,8928,168,9119,0
beijing,Nongzhanguan,24,9096,168,9287,0
beijing,Nongzhanguan,24,9264,168,9455,0
beijing,Nongzhanguan,24,9432,168,9623,0
beijing,Nongzhanguan,24,9600,168,9791,2
beijing,Nongzhanguan,24,9768,168,9959,0
beijing,Nongzhanguan,24,9936,168,10127,0
beijing,Nongzhanguan,24,10104,168,10295,0
beijing,Nongzhanguan,24,10272,168,10463,0
beijing,Nongzhanguan,24,10440,168,10631,0
beijing,Nongzhanguan,24,10608,168,10799,0
beijing,Nongzhanguan,24,10776,168,10967,0
beijing,Nongzhanguan,24,10944,168,11135,0
beijing,Nongzhanguan,24,11112,168,11303,0
beijing,Nongzhanguan,24,11280,168,11471,0
beijing,Nongzhanguan,24,11448,168,11639,0
beijing,Nongzhanguan,24,11616,168,11807,0
beijing,Nongzhanguan,24,11784,168,11975,0
beijing,Nongzhanguan,24,11952,168,12143,0
beijing,Nongzhanguan,24,12120,168,12311,0
beijing,Nongzhanguan,24,12288,168,12479,0
beijing,Nongzhanguan,24,12456,168,12647,0
beijing,Nongzhanguan,24,12624,168,12815,0
beijing,Nongzhanguan,24,12792,168,12983,0
beijing,Nongzhanguan,24,12960,168,13151,0
beijing,Nongzhanguan,24,13128,168,13319,0
beijing,Nongzhanguan,24,13296,168,13487,0
beijing,Nongzhanguan,24,13464,168,13655,0
beijing,Nongzhanguan,24,13632,168,13823,0
beijing,Nongzhanguan,24,13800,168,13991,0
beijing,Nongzhanguan,24,13968,168,14159,0
beijing,Nongzhanguan,24,14136,168,14327,0
beijing,Nongzhanguan,24,14304,168,14495,0
beijing,Nongzhanguan,24,14472,168,14663,0
beijing,Nongzhanguan,24,14640,168,14831,0
beijing,Nongzhanguan,24,14808,168,14999,1
beijing,Nongzhanguan,24,14976,168,15167,0
beijing,Nongzhanguan,24,15144,168,15335,0
beijing,Nongzhanguan,24,15312,168,15503,0
beijing,Nongzhanguan,24,15480,168,15671,0
beijing,Nongzhanguan,24,15648,168,15839,0
beijing,Nongzhanguan,24,15816,168,16007,1
beijing,Nongzhanguan,24,15984,168,16175,0
beijing,Nongzhanguan,24,16152,168,16343,0
beijing,Nongzhanguan,24,16320,168,16511,0
beijing,Nongzhanguan,24,16488,168,16679,0
beijing,Nongzhanguan,24,16656,168,16847,0
beijing,Nongzhanguan,24,16824,168,17015,0
beijing,Nongzhanguan,24,16992,168,17183,0
beijing,Nongzhanguan,24,17160,168,17351,0
beijing,Nongzhanguan,24,17328,168,17519,1
beijing,Nongzhanguan,24,17496,1,17520,0
beijing,Nongzhanguan,72,8760,168,8999,0
beijing,Nongzhanguan,72,8928,168,9167,0
beijing,Nongzhanguan,72,9096,168,9335,0
beijing,Nongzhanguan,72,9264,168,9503,0
beijing,Nongzhanguan,72,9432,168,9671,0
beijing,Nongzhanguan,72,9600,168,9839,3
beijing,Nongzhanguan,72,9768,168,10007,0
beijing,Nongzhanguan,72,9936,168,10175,2
beijing,Nongzhanguan,72,10104,168,10343,9
beijing,Nongzhanguan,72,10272,168,10511,0
beijing,Nongzhanguan,72,10440,168,10679,0
beijing,Nongzhanguan,72,10608,168,10847,0
beijing,Nongzhanguan,72,10776,168,11015,0
beijing,Nongzhanguan,72,10944,168,11183,0
beijing,Nongzhanguan,72,11112,168,11351,0
beijing,Nongzhanguan,72,11280,168,11519,1
beijing,Nongzhanguan,72,11448,168,11687,0
beijing,Nongzhanguan,72,11616,168,11855,0
beijing,Nongzhanguan,72,11784,168,12023,0
beijing,Nongzhanguan,72,11952,168,12191,2
beijing,Nongzhanguan,72,12120,168,12359,0
beijing,Nongzhanguan,72,12288,168,12527,0
beijing,Nongzhanguan,72,12456,168,12695,0
beijing,Nongzhanguan,72,12624,168,12863,0
beijing,Nongzhanguan,72,12792,168,13031,0
beijing,Nongzhanguan,72,12960,168,13199,0
beijing,Nongzhanguan,72,13128,168,13367,0
beijing,Nongzhanguan,72,13296,168,13535,9
beijing,Nongzhanguan,72,13464,168,13703,0
beijing,Nongzhanguan,72,13632,168,13871,0
beijing,Nongzhanguan,72,13800,168,14039,1
beijing,Nongzhanguan,72,13968,168,14207,1
beijing,Nongzhanguan,72,14136,168,14375,0
beijing,Nongzhanguan,72,14304,168,14543,0
beijing,Nongzhanguan,72,14472,168,14711,2
beijing,Nongzhanguan,72,14640,168,14879,0
beijing,Nongzhanguan,72,14808,168,15047,1
beijing,Nongzhanguan,72,14976,168,15215,0
beijing,Nongzhanguan,72,15144,168,15383,1
beijing,Nongzhanguan,72,15312,168,15551,0
beijing,Nongzhanguan,72,15480,168,15719,0
beijing,Nongzhanguan,72,15648,168,15887,2
beijing,Nongzhanguan,72,15816,168,16055,2
beijing,Nongzhanguan,72,15984,168,16223,3
beijing,Nongzhanguan,72,16152,168,16391,0
beijing,Nongzhanguan,72,16320,168,16559,0
beijing,Nongzhanguan,72,16488,168,16727,1
beijing,Nongzhanguan,72,16656,168,16895,0
beijing,Nongzhanguan,72,16824,168,17063,0
beijing,Nongzhanguan,72,16992,168,17231,0
beijing,Nongzhanguan,72,17160,168,17399,0
beijing,Nongzhanguan,72,17328,121,17520,0
beijing,Shunyi,24,8760,168,8951,0
beijing,Shunyi,24,8928,168,9119,0
beijing,Shunyi,24,9096,168,9287,0
beijing,Shunyi,24,9264,168,9455,0
beijing,Shunyi,24,9432,168,9623,0
beijing,Shunyi,24,9600,168,9791,0
beijing,Shunyi,24,9768,168,9959,0
beijing,Shunyi,24,9936,168,10127,0
beijing,Shunyi,24,10104,168,10295,0
beijing,Shunyi,24,10272,168,10463,0
beijing,Shunyi,24,10440,168,10631,0
beijing,Shunyi,24,10608,168,10799,0
beijing,Shunyi,24,10776,168,10967,0
beijing,Shunyi,24,10944,168,11135,1
beijing,Shunyi,24,11112,168,11303,0
beijing,Shunyi,24,11280,168,11471,0
beijing,Shunyi,24,11448,168,11639,0
beijing,Shunyi,24,11616,168,11807,0
beijing,Shunyi,24,11784,168,11975,0
beijing,Shunyi,24,11952,168,12143,0
beijing,Shunyi,24,12120,168,12311,0
beijing,Shunyi,24,12288,168,12479,0
beijing,Shunyi,24,12456,168,12647,0
beijing,Shunyi,24,12624,168,12815,0
beijing,Shunyi,24,12792,168,12983,0
beijing,Shunyi,24,12960,168,13151,0
beijing,Shunyi,24,13128,168,13319,0
beijing,Shunyi,24,13296,168,13487,0
beijing,Shunyi,24,13464,168,13655,0
beijing,Shunyi,24,13632,168,13823,2
beijing,Shunyi,24,13800,168,13991,0
beijing,Shunyi,24,13968,168,14159,0
beijing,Shunyi,24,14136,168,14327,0
beijing,Shunyi,24,14304,168,14495,0
beijing,Shunyi,24,14472,168,14663,0
beijing,Shunyi,24,14640,168,14831,0
beijing,Shunyi,24,14808,168,14999,3
beijing,Shunyi,24,14976,168,15167,0
beijing,Shunyi,24,15144,168,15335,0
beijing,Shunyi,24,15312,168,15503,0
beijing,Shunyi,24,15480,168,15671,1
beijing,Shunyi,24,15648,168,15839,0
beijing,Shunyi,24,15816,168,16007,0
beijing,Shunyi,24,15984,168,16175,2
beijing,Shunyi,24,16152,168,16343,0
beijing,Shunyi,24,16320,168,16511,0
beijing,Shunyi,24,16488,168,16679,0
beijing,Shunyi,24,16656,168,16847,0
beijing,Shunyi,24,16824,168,17015,0
beijing,Shunyi,24,16992,168,17183,0
beijing,Shunyi,24,17160,168,17351,0
beijing,Shunyi,24,17328,168,17519,0
beijing,Shunyi,24,17496,1,17520,0
beijing,Shunyi,72,8760,168,8999,0
beijing,Shunyi,72,8928,168,9167,0
beijing,Shunyi,72,9096,168,9335,0
beijing,Shunyi,72,9264,168,9503,0
beijing,Shunyi,72,9432,168,9671,0
beijing,Shunyi,72,9600,168,9839,0
beijing,Shunyi,72,9768,168,10007,0
beijing,Shunyi,72,9936,168,10175,0
beijing,Shunyi,72,10104,168,10343,1
beijing,Shunyi,72,10272,168,10511,0
beijing,Shunyi,72,10440,168,10679,0
beijing,Shunyi,72,10608,168,10847,0
beijing,Shunyi,72,10776,168,11015,0
beijing,Shunyi,72,10944,168,11183,1
beijing,Shunyi,72,11112,168,11351,0
beijing,Shunyi,72,11280,168,11519,0
beijing,Shunyi,72,11448,168,11687,1
beijing,Shunyi,72,11616,168,11855,0
beijing,Shunyi,72,11784,168,12023,0
beijing,Shunyi,72,11952,168,12191,0
beijing,Shunyi,72,12120,168,12359,0
beijing,Shunyi,72,12288,168,12527,0
beijing,Shunyi,72,12456,168,12695,0
beijing,Shunyi,72,12624,168,12863,0
beijing,Shunyi,72,12792,168,13031,0
beijing,Shunyi,72,12960,168,13199,7
beijing,Shunyi,72,13128,168,13367,0
beijing,Shunyi,72,13296,168,13535,0
beijing,Shunyi,72,13464,168,13703,0
beijing,Shunyi,72,13632,168,13871,5
beijing,Shunyi,72,13800,168,14039,0
beijing,Shunyi,72,13968,168,14207,0
beijing,Shunyi,72,14136,168,14375,3
beijing,Shunyi,72,14304,168,14543,0
beijing,Shunyi,72,14472,168,14711,3
beijing,Shunyi,72,14640,168,14879,0
beijing,Shunyi,72,14808,168,15047,3
beijing,Shunyi,72,14976,168,15215,0
beijing,Shunyi,72,15144,168,15383,0
beijing,Shunyi,72,15312,168,15551,0
beijing,Shunyi,72,15480,168,15719,13
beijing,Shunyi,72,15648,168,15887,0
beijing,Shunyi,72,15816,168,16055,1
beijing,Shunyi,72,15984,168,16223,4
beijing,Shunyi,72,16152,168,16391,0
beijing,Shunyi,72,16320,168,16559,0
beijing,Shunyi,72,16488,168,16727,1
beijing,Shunyi,72,16656,168,16895,0
beijing,Shunyi,72,16824,168,17063,0
beijing,Shunyi,72,16992,168,17231,2
beijing,Shunyi,72,17160,168,17399,0
beijing,Shunyi,72,17328,121,17520,0
beijing,Tiantan,24,8760,168,8951,0
beijing,Tiantan,24,8928,168,9119,0
beijing,Tiantan,24,9096,168,9287,0
beijing,Tiantan,24,9264,168,9455,0
beijing,Tiantan,24,9432,168,9623,0
beijing,Tiantan,24,9600,168,9791,0
beijing,Tiantan,24,9768,168,9959,0
beijing,Tiantan,24,9936,168,10127,0
beijing,Tiantan,24,10104,168,10295,0
beijing,Tiantan,24,10272,168,10463,0
beijing,Tiantan,24,10440,168,10631,7
beijing,Tiantan,24,10608,168,10799,0
beijing,Tiantan,24,10776,168,10967,0
beijing,Tiantan,24,10944,168,11135,0
beijing,Tiantan,24,11112,168,11303,0
beijing,Tiantan,24,11280,168,11471,0
beijing,Tiantan,24,11448,168,11639,0
beijing,Tiantan,24,11616,168,11807,0
beijing,Tiantan,24,11784,168,11975,0
beijing,Tiantan,24,11952,168,12143,0
beijing,Tiantan,24,12120,168,12311,0
beijing,Tiantan,24,12288,168,12479,0
beijing,Tiantan,24,12456,168,12647,0
beijing,Tiantan,24,12624,168,12815,0
beijing,Tiantan,24,12792,168,12983,0
beijing,Tiantan,24,12960,168,13151,0
beijing,Tiantan,24,13128,168,13319,0
beijing,Tiantan,24,13296,168,13487,0
beijing,Tiantan,24,13464,168,13655,0
beijing,Tiantan,24,13632,168,13823,0
beijing,Tiantan,24,13800,168,13991,11
beijing,Tiantan,24,13968,168,14159,0
beijing,Tiantan,24,14136,168,14327,0
beijing,Tiantan,24,14304,168,14495,0
beijing,Tiantan,24,14472,168,14663,0
beijing,Tiantan,24,14640,168,14831,0
beijing,Tiantan,24,14808,168,14999,0
beijing,Tiantan,24,14976,168,15167,0
beijing,Tiantan,24,15144,168,15335,0
beijing,Tiantan,24,15312,168,15503,7
beijing,Tiantan,24,15480,168,15671,7
beijing,Tiantan,24,15648,168,15839,0
beijing,Tiantan,24,15816,168,16007,0
beijing,Tiantan,24,15984,168,16175,0
beijing,Tiantan,24,16152,168,16343,0
beijing,Tiantan,24,16320,168,16511,0
beijing,Tiantan,24,16488,168,16679,0
beijing,Tiantan,24,16656,168,16847,0
beijing,Tiantan,24,16824,168,17015,0
beijing,Tiantan,24,16992,168,17183,0
beijing,Tiantan,24,17160,168,17351,0
beijing,Tiantan,24,17328,168,17519,0
beijing,Tiantan,24,17496,1,17520,0
beijing,Tiantan,72,8760,168,8999,0
beijing,Tiantan,72,8928,168,9167,0
beijing,Tiantan,72,9096,168,9335,0
beijing,Tiantan,72,9264,168,9503,0
beijing,Tiantan,72,9432,168,9671,0
beijing,Tiantan,72,9600,168,9839,0
beijing,Tiantan,72,9768,168,10007,0
beijing,Tiantan,72,9936,168,10175,1
beijing,Tiantan,72,10104,168,10343,0
beijing,Tiantan,72,10272,168,10511,3
beijing,Tiantan,72,10440,168,10679,20
beijing,Tiantan,72,10608,168,10847,0
beijing,Tiantan,72,10776,168,11015,0
beijing,Tiantan,72,10944,168,11183,2
beijing,Tiantan,72,11112,168,11351,2
beijing,Tiantan,72,11280,168,11519,0
beijing,Tiantan,72,11448,168,11687,0
beijing,Tiantan,72,11616,168,11855,0
beijing,Tiantan,72,11784,168,12023,0
beijing,Tiantan,72,11952,168,12191,0
beijing,Tiantan,72,12120,168,12359,0
beijing,Tiantan,72,12288,168,12527,21
beijing,Tiantan,72,12456,168,12695,4
beijing,Tiantan,72,12624,168,12863,0
beijing,Tiantan,72,12792,168,13031,0
beijing,Tiantan,72,12960,168,13199,0
beijing,Tiantan,72,13128,168,13367,0
beijing,Tiantan,72,13296,168,13535,0
beijing,Tiantan,72,13464,168,13703,0
beijing,Tiantan,72,13632,168,13871,0
beijing,Tiantan,72,13800,168,14039,11
beijing,Tiantan,72,13968,168,14207,2
beijing,Tiantan,72,14136,168,14375,0
beijing,Tiantan,72,14304,168,14543,4
beijing,Tiantan,72,14472,168,14711,2
beijing,Tiantan,72,14640,168,14879,0
beijing,Tiantan,72,14808,168,15047,0
beijing,Tiantan,72,14976,168,15215,0
beijing,Tiantan,72,15144,168,15383,0
beijing,Tiantan,72,15312,168,15551,23
beijing,Tiantan,72,15480,168,15719,23
beijing,Tiantan,72,15648,168,15887,0
beijing,Tiantan,72,15816,168,16055,0
beijing,Tiantan,72,15984,168,16223,2
beijing,Tiantan,72,16152,168,16391,0
beijing,Tiantan,72,16320,168,16559,0
beijing,Tiantan,72,16488,168,16727,0
beijing,Tiantan,72,16656,168,16895,0
beijing,Tiantan,72,16824,168,17063,2
beijing,Tiantan,72,16992,168,17231,1
beijing,Tiantan,72,17160,168,17399,0
beijing,Tiantan,72,17328,121,17520,0
beijing,Wanliu,24,8760,168,8951,1
beijing,Wanliu,24,8928,168,9119,0
beijing,Wanliu,24,9096,168,9287,0
beijing,Wanliu,24,9264,168,9455,1
beijing,Wanliu,24,9432,168,9623,0
beijing,Wanliu,24,9600,168,9791,0
beijing,Wanliu,24,9768,168,9959,0
beijing,Wanliu,24,9936,168,10127,0
beijing,Wanliu,24,10104,168,10295,0
beijing,Wanliu,24,10272,168,10463,0
beijing,Wanliu,24,10440,168,10631,0
beijing,Wanliu,24,10608,168,10799,0
beijing,Wanliu,24,10776,168,10967,0
beijing,Wanliu,24,10944,168,11135,0
beijing,Wanliu,24,11112,168,11303,0
beijing,Wanliu,24,11280,168,11471,0
beijing,Wanliu,24,11448,168,11639,0
beijing,Wanliu,24,11616,168,11807,0
beijing,Wanliu,24,11784,168,11975,0
beijing,Wanliu,24,11952,168,12143,0
beijing,Wanliu,24,12120,168,12311,0
beijing,Wanliu,24,12288,168,12479,0
beijing,Wanliu,24,12456,168,12647,0
beijing,Wanliu,24,12624,168,12815,0
beijing,Wanliu,24,12792,168,12983,0
beijing,Wanliu,24,12960,168,13151,0
beijing,Wanliu,24,13128,168,13319,0
beijing,Wanliu,24,13296,168,13487,0
beijing,Wanliu,24,13464,168,13655,0
beijing,Wanliu,24,13632,168,13823,0
beijing,Wanliu,24,13800,168,13991,0
beijing,Wanliu,24,13968,168,14159,0
beijing,Wanliu,24,14136,168,14327,0
beijing,Wanliu,24,14304,168,14495,0
beijing,Wanliu,24,14472,168,14663,0
beijing,Wanliu,24,14640,168,14831,0
beijing,Wanliu,24,14808,168,14999,0
beijing,Wanliu,24,14976,168,15167,0
beijing,Wanliu,24,15144,168,15335,0
beijing,Wanliu,24,15312,168,15503,0
beijing,Wanliu,24,15480,168,15671,0
beijing,Wanliu,24,15648,168,15839,0
beijing,Wanliu,24,15816,168,16007,1
beijing,Wanliu,24,15984,168,16175,1
beijing,Wanliu,24,16152,168,16343,0
beijing,Wanliu,24,16320,168,16511,0
beijing,Wanliu,24,16488,168,16679,0
beijing,Wanliu,24,16656,168,16847,0
beijing,Wanliu,24,16824,168,17015,0
beijing,Wanliu,24,16992,168,17183,0
beijing,Wanliu,24,17160,168,17351,0
beijing,Wanliu,24,17328,168,17519,0
beijing,Wanliu,24,17496,1,17520,0
beijing,Wanliu,72,8760,168,8999,1
beijing,Wanliu,72,8928,168,9167,0
beijing,Wanliu,72,9096,168,9335,0
beijing,Wanliu,72,9264,168,9503,1
beijing,Wanliu,72,9432,168,9671,0
beijing,Wanliu,72,9600,168,9839,0
beijing,Wanliu,72,9768,168,10007,0
beijing,Wanliu,72,9936,168,10175,0
beijing,Wanliu,72,10104,168,10343,0
beijing,Wanliu,72,10272,168,10511,0
beijing,Wanliu,72,10440,168,10679,2
beijing,Wanliu,72,10608,168,10847,0
beijing,Wanliu,72,10776,168,11015,0
beijing,Wanliu,72,10944,168,11183,0
beijing,Wanliu,72,11112,168,11351,0
beijing,Wanliu,72,11280,168,11519,1
beijing,Wanliu,72,11448,168,11687,0
beijing,Wanliu,72,11616,168,11855,0
beijing,Wanliu,72,11784,168,12023,0
beijing,Wanliu,72,11952,168,12191,0
beijing,Wanliu,72,12120,168,12359,0
beijing,Wanliu,72,12288,168,12527,0
beijing,Wanliu,72,12456,168,12695,0
beijing,Wanliu,72,12624,168,12863,0
beijing,Wanliu,72,12792,168,13031,0
beijing,Wanliu,72,12960,168,13199,0
beijing,Wanliu,72,13128,168,13367,0
beijing,Wanliu,72,13296,168,13535,0
beijing,Wanliu,72,13464,168,13703,0
beijing,Wanliu,72,13632,168,13871,2
beijing,Wanliu,72,13800,168,14039,0
beijing,Wanliu,72,13968,168,14207,0
beijing,Wanliu,72,14136,168,14375,13
beijing,Wanliu,72,14304,168,14543,1
beijing,Wanliu,72,14472,168,14711,3
beijing,Wanliu,72,14640,168,14879,0
beijing,Wanliu,72,14808,168,15047,0
beijing,Wanliu,72,14976,168,15215,0
beijing,Wanliu,72,15144,168,15383,0
beijing,Wanliu,72,15312,168,15551,0
beijing,Wanliu,72,15480,168,15719,0
beijing,Wanliu,72,15648,168,15887,0
beijing,Wanliu,72,15816,168,16055,2
beijing,Wanliu,72,15984,168,16223,1
beijing,Wanliu,72,16152,168,16391,0
beijing,Wanliu,72,16320,168,16559,0
beijing,Wanliu,72,16488,168,16727,0
beijing,Wanliu,72,16656,168,16895,1
beijing,Wanliu,72,16824,168,17063,0
beijing,Wanliu,72,16992,168,17231,2
beijing,Wanliu,72,17160,168,17399,0
beijing,Wanliu,72,17328,121,17520,0
beijing,Wanshouxigong,24,8760,168,8951,0
beijing,Wanshouxigong,24,8928,168,9119,0
beijing,Wanshouxigong,24,9096,168,9287,0
beijing,Wanshouxigong,24,9264,168,9455,0
beijing,Wanshouxigong,24,9432,168,9623,0
beijing,Wanshouxigong,24,9600,168,9791,0
beijing,Wanshouxigong,24,9768,168,9959,0
beijing,Wanshouxigong,24,9936,168,10127,0
beijing,Wanshouxigong,24,10104,168,10295,0
beijing,Wanshouxigong,24,10272,168,10463,0
beijing,Wanshouxigong,24,10440,168,10631,0
beijing,Wanshouxigong,24,10608,168,10799,0
beijing,Wanshouxigong,24,10776,168,10967,0
beijing,Wanshouxigong,24,10944,168,11135,0
beijing,Wanshouxigong,24,11112,168,11303,0
beijing,Wanshouxigong,24,11280,168,11471,0
beijing,Wanshouxigong,24,11448,168,11639,0
beijing,Wanshouxigong,24,11616,168,11807,0
beijing,Wanshouxigong,24,11784,168,11975,0
beijing,Wanshouxigong,24,11952,168,12143,0
beijing,Wanshouxigong,24,12120,168,12311,0
beijing,Wanshouxigong,24,12288,168,12479,0
beijing,Wanshouxigong,24,12456,168,12647,0
beijing,Wanshouxigong,24,12624,168,12815,0
beijing,Wanshouxigong,24,12792,168,12983,0
beijing,Wanshouxigong,24,12960,168,13151,0
beijing,Wanshouxigong,24,13128,168,13319,0
beijing,Wanshouxigong,24,13296,168,13487,0
beijing,Wanshouxigong,24,13464,168,13655,0
beijing,Wanshouxigong,24,13632,168,13823,0
beijing,Wanshouxigong,24,13800,168,13991,0
beijing,Wanshouxigong,24,13968,168,14159,0
beijing,Wanshouxigong,24,14136,168,14327,0
beijing,Wanshouxigong,24,14304,168,14495,11
beijing,Wanshouxigong,24,14472,168,14663,0
beijing,Wanshouxigong,24,14640,168,14831,0
beijing,Wanshouxigong,24,14808,168,14999,0
beijing,Wanshouxigong,24,14976,168,15167,0
beijing,Wanshouxigong,24,15144,168,15335,0
beijing,Wanshouxigong,24,15312,168,15503,0
beijing,Wanshouxigong,24,15480,168,15671,1
beijing,Wanshouxigong,24,15648,168,15839,0
beijing,Wanshouxigong,24,15816,168,16007,1
beijing,Wanshouxigong,24,15984,168,16175,0
beijing,Wanshouxigong,24,16152,168,16343,0
beijing,Wanshouxigong,24,16320,168,16511,0
beijing,Wanshouxigong,24,16488,168,16679,0
beijing,Wanshouxigong,24,16656,168,16847,0
beijing,Wanshouxigong,24,16824,168,17015,0
beijing,Wanshouxigong,24,16992,168,17183,0
beijing,Wanshouxigong,24,17160,168,17351,0
beijing,Wanshouxigong,24,17328,168,17519,0
beijing,Wanshouxigong,24,17496,1,17520,0
beijing,Wanshouxigong,72,8760,168,8999,0
beijing,Wanshouxigong,72,8928,168,9167,0
beijing,Wanshouxigong,72,9096,168,9335,0
beijing,Wanshouxigong,72,9264,168,9503,0
beijing,Wanshouxigong,72,9432,168,9671,0
beijing,Wanshouxigong,72,9600,168,9839,0
beijing,Wanshouxigong,72,9768,168,10007,0
beijing,Wanshouxigong,72,9936,168,10175,0
beijing,Wanshouxigong,72,10104,168,10343,0
beijing,Wanshouxigong,72,10272,168,10511,0
beijing,Wanshouxigong,72,10440,168,10679,0
beijing,Wanshouxigong,72,10608,168,10847,0
beijing,Wanshouxigong,72,10776,168,11015,0
beijing,Wanshouxigong,72,10944,168,11183,0
beijing,Wanshouxigong,72,11112,168,11351,0
beijing,Wanshouxigong,72,11280,168,11519,0
beijing,Wanshouxigong,72,11448,168,11687,0
beijing,Wanshouxigong,72,11616,168,11855,0
beijing,Wanshouxigong,72,11784,168,12023,0
beijing,Wanshouxigong,72,11952,168,12191,0
beijing,Wanshouxigong,72,12120,168,12359,0
beijing,Wanshouxigong,72,12288,168,12527,0
beijing,Wanshouxigong,72,12456,168,12695,0
beijing,Wanshouxigong,72,12624,168,12863,0
beijing,Wanshouxigong,72,12792,168,13031,0
beijing,Wanshouxigong,72,12960,168,13199,0
beijing,Wanshouxigong,72,13128,168,13367,0
beijing,Wanshouxigong,72,13296,168,13535,0
beijing,Wanshouxigong,72,13464,168,13703,0
beijing,Wanshouxigong,72,13632,168,13871,0
beijing,Wanshouxigong,72,13800,168,14039,1
beijing,Wanshouxigong,72,13968,168,14207,1
beijing,Wanshouxigong,72,14136,168,14375,0
beijing,Wanshouxigong,72,14304,168,14543,17
beijing,Wanshouxigong,72,14472,168,14711,4
beijing,Wanshouxigong,72,14640,168,14879,0
beijing,Wanshouxigong,72,14808,168,15047,0
beijing,Wanshouxigong,72,14976,168,15215,0
beijing,Wanshouxigong,72,15144,168,15383,0
beijing,Wanshouxigong,72,15312,168,15551,0
beijing,Wanshouxigong,72,15480,168,15719,13
beijing,Wanshouxigong,72,15648,168,15887,0
beijing,Wanshouxigong,72,15816,168,16055,3
beijing,Wanshouxigong,72,15984,168,16223,2
beijing,Wanshouxigong,72,16152,168,16391,1
beijing,Wanshouxigong,72,16320,168,16559,0
beijing,Wanshouxigong,72,16488,168,16727,1
beijing,Wanshouxigong,72,16656,168,16895,0
beijing,Wanshouxigong,72,16824,168,17063,2
beijing,Wanshouxigong,72,16992,168,17231,1
beijing,Wanshouxigong,72,17160,168,17399,0
beijing,Wanshouxigong,72,17328,121,17520,0
household,household,60,282636,10080,292775,0
household,household,60,292716,10080,302855,0
household,household,60,302796,10080,312935,0
household,household,60,312876,10080,323015,0
household,household,60,322956,10080,333095,0
household,household,60,333036,10080,343175,0
household,household,60,343116,10080,353255,0
household,household,60,353196,10080,363335,0
household,household,60,363276,10080,373415,0
household,household,60,373356,10080,383495,0
household,household,60,383436,10080,393575,0
household,household,60,393516,10080,403655,0
household,household,60,403596,10080,413735,0
household,household,60,413676,10080,423815,0
household,household,60,423756,10080,433895,0
household,household,60,433836,10080,443975,0
household,household,60,443916,10080,454055,0
household,household,60,453996,10080,464135,0
household,household,60,464076,10080,474215,0
household,household,60,474156,10080,484295,0
household,household,60,484236,10080,494375,0
household,household,60,494316,10080,504455,0
household,household,60,504396,10080,514535,0
household,household,60,514476,10080,524615,0
household,household,60,524556,10080,534695,0
household,household,60,534636,10080,544775,0
household,household,60,544716,10080,554855,0
household,household,60,554796,10080,564935,0
household,household,60,564876,10080,575015,0
household,household,60,574956,10080,585095,0
household,household,60,585036,10080,595175,0
household,household,60,595116,10080,605255,0
household,household,60,605196,10080,615335,0
household,household,60,615276,10080,625415,0
household,household,60,625356,10080,635495,0
household,household,60,635436,10080,645575,0
household,household,60,645516,10080,655655,0
household,household,60,655596,10080,665735,0
household,household,60,665676,10080,675815,0
household,household,60,675756,10080,685895,0
household,household,60,685836,10080,695975,0
household,household,60,695916,10080,706055,0
household,household,60,705996,10080,716135,0
household,household,60,716076,10080,726215,0
household,household,60,726156,10080,736295,0
household,household,60,736236,10080,746375,0
household,household,60,746316,10080,756455,0
household,household,60,756396,10080,766535,0
household,household,60,766476,10080,776615,0
household,household,60,776556,10080,786695,0
household,household,60,786636,10080,796775,0
household,household,60,796716,10080,806855,0
household,household,60,806796,2821,809676,0
household,household,180,282636,10080,292895,0
household,household,180,292716,10080,302975,0
household,household,180,302796,10080,313055,0
household,household,180,312876,10080,323135,0
household,household,180,322956,10080,333215,0
household,household,180,333036,10080,343295,0
household,household,180,343116,10080,353375,0
household,household,180,353196,10080,363455,0
household,household,180,363276,10080,373535,0
household,household,180,373356,10080,383615,0
household,household,180,383436,10080,393695,0
household,household,180,393516,10080,403775,0
household,household,180,403596,10080,413855,0
household,household,180,413676,10080,423935,0
household,household,180,423756,10080,434015,0
household,household,180,433836,10080,444095,0
household,household,180,443916,10080,454175,0
household,household,180,453996,10080,464255,0
household,household,180,464076,10080,474335,0
household,household,180,474156,10080,484415,0
household,household,180,484236,10080,494495,0
household,household,180,494316,10080,504575,0
household,household,180,504396,10080,514655,0
household,household,180,514476,10080,524735,0
household,household,180,524556,10080,534815,0
household,household,180,534636,10080,544895,0
household,household,180,544716,10080,554975,0
household,household,180,554796,10080,565055,0
household,household,180,564876,10080,575135,0
household,household,180,574956,10080,585215,0
household,household,180,585036,10080,595295,0
household,household,180,595116,10080,605375,0
household,household,180,605196,10080,615455,0
household,household,180,615276,10080,625535,0
household,household,180,625356,10080,635615,0
household,household,180,635436,10080,645695,0
household,household,180,645516,10080,655775,0
household,household,180,655596,10080,665855,0
household,household,180,665676,10080,675935,0
household,household,180,675756,10080,686015,0
household,household,180,685836,10080,696095,0
household,household,180,695916,10080,706175,0
household,household,180,705996,10080,716255,0
household,household,180,716076,10080,726335,0
household,household,180,726156,10080,736415,0
household,household,180,736236,10080,746495,0
household,household,180,746316,10080,756575,0
household,household,180,756396,10080,766655,0
household,household,180,766476,10080,776735,0
household,household,180,776556,10080,786815,0
household,household,180,786636,10080,796895,0
household,household,180,796716,10080,806975,0
household,household,180,806796,2701,809676,0
