fit_id,family,gamma,horizon,target_scope,postprocess,scored_values,rmse,mae
BASE_OD,BASE,0.0,3,terminal_H,raw,3850,0.07155749091832687,0.04150404715197922
BASE_OD,BASE,0.0,3,path_1_to_H,raw,11550,0.06533001779708264,0.03669940274660176
BASE_OD,BASE,0.0,3,terminal_H,clip_0_1,3850,0.07155532535344217,0.04148815061496082
BASE_OD,BASE,0.0,3,path_1_to_H,clip_0_1,11550,0.0653026967012024,0.0366599289799402
BASE_OD,BASE,0.0,6,terminal_H,raw,3850,0.07640047146889435,0.04762812144991265
BASE_OD,BASE,0.0,6,path_1_to_H,raw,23100,0.06998650595652071,0.04114355073647553
BASE_OD,BASE,0.0,6,terminal_H,clip_0_1,3850,0.07639800240261242,0.04762124960119462
BASE_OD,BASE,0.0,6,path_1_to_H,clip_0_1,23100,0.06997297823626436,0.041118938876926386
BASE_OD,BASE,0.0,9,terminal_H,raw,3850,0.08468624593246253,0.056971649421793065
BASE_OD,BASE,0.0,9,path_1_to_H,raw,34650,0.07434497497347203,0.04506060979594297
BASE_OD,BASE,0.0,9,terminal_H,clip_0_1,3850,0.08468509333991603,0.05696355243365054
BASE_OD,BASE,0.0,9,path_1_to_H,clip_0_1,34650,0.07433592718062032,0.04504229630533494
BASE_OD,BASE,0.0,12,terminal_H,raw,3850,0.09306321667618835,0.06072716654989335
BASE_OD,BASE,0.0,12,path_1_to_H,raw,46200,0.07876578519461823,0.048791925921694526
BASE_OD,BASE,0.0,12,terminal_H,clip_0_1,3850,0.09305738102667864,0.06071073253632499
BASE_OD,BASE,0.0,12,path_1_to_H,clip_0_1,46200,0.07875791627267534,0.0487757014041068
TIME_SMOOTH_D_g0.01,TIME_SMOOTH_D,0.01,3,terminal_H,raw,3850,0.0715521491931736,0.04150652389826618
TIME_SMOOTH_D_g0.01,TIME_SMOOTH_D,0.01,3,path_1_to_H,raw,11550,0.06537601881362062,0.03673393166974159
TIME_SMOOTH_D_g0.01,TIME_SMOOTH_D,0.01,3,terminal_H,clip_0_1,3850,0.07154986577854906,0.041490707675806426
TIME_SMOOTH_D_g0.01,TIME_SMOOTH_D,0.01,3,path_1_to_H,clip_0_1,11550,0.06535192968701155,0.036696256455571966
TIME_SMOOTH_D_g0.01,TIME_SMOOTH_D,0.01,6,terminal_H,raw,3850,0.0763994502944099,0.04761868164853271
TIME_SMOOTH_D_g0.01,TIME_SMOOTH_D,0.01,6,path_1_to_H,raw,23100,0.07000914619422274,0.04116502863403603
TIME_SMOOTH_D_g0.01,TIME_SMOOTH_D,0.01,6,terminal_H,clip_0_1,3850,0.07639702132475239,0.047611923255725455
TIME_SMOOTH_D_g0.01,TIME_SMOOTH_D,0.01,6,path_1_to_H,clip_0_1,23100,0.06999710982921901,0.041141236831527095
TIME_SMOOTH_D_g0.01,TIME_SMOOTH_D,0.01,9,terminal_H,raw,3850,0.08469523521392952,0.056995366707325364
TIME_SMOOTH_D_g0.01,TIME_SMOOTH_D,0.01,9,path_1_to_H,raw,34650,0.0743636729384402,0.04508566316144654
TIME_SMOOTH_D_g0.01,TIME_SMOOTH_D,0.01,9,terminal_H,clip_0_1,3850,0.08469408518342862,0.056987250973329996
TIME_SMOOTH_D_g0.01,TIME_SMOOTH_D,0.01,9,path_1_to_H,clip_0_1,34650,0.07435554422154073,0.04506781119429852
TIME_SMOOTH_D_g0.01,TIME_SMOOTH_D,0.01,12,terminal_H,raw,3850,0.0930267530077305,0.06069380729648112
TIME_SMOOTH_D_g0.01,TIME_SMOOTH_D,0.01,12,path_1_to_H,raw,46200,0.07877238758459265,0.04880741942251117
TIME_SMOOTH_D_g0.01,TIME_SMOOTH_D,0.01,12,terminal_H,clip_0_1,3850,0.09302078259006398,0.060677188320208596
TIME_SMOOTH_D_g0.01,TIME_SMOOTH_D,0.01,12,path_1_to_H,clip_0_1,46200,0.07876517558504975,0.04879154346954834
TIME_SMOOTH_D_g0.1,TIME_SMOOTH_D,0.1,3,terminal_H,raw,3850,0.07160775561843832,0.04150881179945026
TIME_SMOOTH_D_g0.1,TIME_SMOOTH_D,0.1,3,path_1_to_H,raw,11550,0.06558914170955774,0.03685304022606278
TIME_SMOOTH_D_g0.1,TIME_SMOOTH_D,0.1,3,terminal_H,clip_0_1,3850,0.07160472111301523,0.04149174568258656
TIME_SMOOTH_D_g0.1,TIME_SMOOTH_D,0.1,3,path_1_to_H,clip_0_1,11550,0.0655745975484414,0.036819257449998276
TIME_SMOOTH_D_g0.1,TIME_SMOOTH_D,0.1,6,terminal_H,raw,3850,0.07645325640485631,0.04761497822090761
TIME_SMOOTH_D_g0.1,TIME_SMOOTH_D,0.1,6,path_1_to_H,raw,23100,0.07013215260766713,0.041248352400560205
TIME_SMOOTH_D_g0.1,TIME_SMOOTH_D,0.1,6,terminal_H,clip_0_1,3850,0.0764508664606238,0.047608443944119234
TIME_SMOOTH_D_g0.1,TIME_SMOOTH_D,0.1,6,path_1_to_H,clip_0_1,23100,0.07012457525966945,0.041226426229634086
TIME_SMOOTH_D_g0.1,TIME_SMOOTH_D,0.1,9,terminal_H,raw,3850,0.08473279935195238,0.057074624288591634
TIME_SMOOTH_D_g0.1,TIME_SMOOTH_D,0.1,9,path_1_to_H,raw,34650,0.0744726559432066,0.04518495462658661
TIME_SMOOTH_D_g0.1,TIME_SMOOTH_D,0.1,9,terminal_H,clip_0_1,3850,0.08473157988680233,0.057066206184454384
TIME_SMOOTH_D_g0.1,TIME_SMOOTH_D,0.1,9,path_1_to_H,clip_0_1,34650,0.07446730639673062,0.045167970767664864
TIME_SMOOTH_D_g0.1,TIME_SMOOTH_D,0.1,12,terminal_H,raw,3850,0.09298322853309805,0.060658387176617076
TIME_SMOOTH_D_g0.1,TIME_SMOOTH_D,0.1,12,path_1_to_H,raw,46200,0.07884499448539631,0.0488828141249978
TIME_SMOOTH_D_g0.1,TIME_SMOOTH_D,0.1,12,terminal_H,clip_0_1,3850,0.09297731414171559,0.06064231461135144
TIME_SMOOTH_D_g0.1,TIME_SMOOTH_D,0.1,12,path_1_to_H,clip_0_1,46200,0.07883977407372281,0.04886762042005967
TIME_SMOOTH_D_g1,TIME_SMOOTH_D,1.0,3,terminal_H,raw,3850,0.07174316736246192,0.041599764353744274
TIME_SMOOTH_D_g1,TIME_SMOOTH_D,1.0,3,path_1_to_H,raw,11550,0.06604563161844698,0.03715122550646141
TIME_SMOOTH_D_g1,TIME_SMOOTH_D,1.0,3,terminal_H,clip_0_1,3850,0.07173714618449414,0.04157816368355603
TIME_SMOOTH_D_g1,TIME_SMOOTH_D,1.0,3,path_1_to_H,clip_0_1,11550,0.06603645390120508,0.03711745972340088
TIME_SMOOTH_D_g1,TIME_SMOOTH_D,1.0,6,terminal_H,raw,3850,0.07667009861461943,0.04771033899789872
TIME_SMOOTH_D_g1,TIME_SMOOTH_D,1.0,6,path_1_to_H,raw,23100,0.07043159021462168,0.04144127821004864
TIME_SMOOTH_D_g1,TIME_SMOOTH_D,1.0,6,terminal_H,clip_0_1,3850,0.07666777936855192,0.04770440021344441
TIME_SMOOTH_D_g1,TIME_SMOOTH_D,1.0,6,path_1_to_H,clip_0_1,23100,0.07042656251742473,0.04141950591018928
TIME_SMOOTH_D_g1,TIME_SMOOTH_D,1.0,9,terminal_H,raw,3850,0.08484578204732304,0.057204409664987604
TIME_SMOOTH_D_g1,TIME_SMOOTH_D,1.0,9,path_1_to_H,raw,34650,0.07474122777984593,0.04538614588281725
TIME_SMOOTH_D_g1,TIME_SMOOTH_D,1.0,9,terminal_H,clip_0_1,3850,0.08484441984747174,0.057195471928624696
TIME_SMOOTH_D_g1,TIME_SMOOTH_D,1.0,9,path_1_to_H,clip_0_1,34650,0.07473747739816473,0.0453688577943613
TIME_SMOOTH_D_g1,TIME_SMOOTH_D,1.0,12,terminal_H,raw,3850,0.092929109673015,0.06066345975503047
TIME_SMOOTH_D_g1,TIME_SMOOTH_D,1.0,12,path_1_to_H,raw,46200,0.07903603095585589,0.04904361785364824
TIME_SMOOTH_D_g1,TIME_SMOOTH_D,1.0,12,terminal_H,clip_0_1,3850,0.09292368937921137,0.06064933453773639
TIME_SMOOTH_D_g1,TIME_SMOOTH_D,1.0,12,path_1_to_H,clip_0_1,46200,0.0790320185416859,0.04902832423529683
SCRAMBLED_SMOOTH_D_g0.01,SCRAMBLED_SMOOTH_D,0.01,3,terminal_H,raw,3850,0.07155316018115777,0.04150820659038756
SCRAMBLED_SMOOTH_D_g0.01,SCRAMBLED_SMOOTH_D,0.01,3,path_1_to_H,raw,11550,0.0654470896613981,0.03676188801920037
SCRAMBLED_SMOOTH_D_g0.01,SCRAMBLED_SMOOTH_D,0.01,3,terminal_H,clip_0_1,3850,0.0715502549824119,0.0414918880435085
SCRAMBLED_SMOOTH_D_g0.01,SCRAMBLED_SMOOTH_D,0.01,3,path_1_to_H,clip_0_1,11550,0.06542346621904799,0.036724036719015724
SCRAMBLED_SMOOTH_D_g0.01,SCRAMBLED_SMOOTH_D,0.01,6,terminal_H,raw,3850,0.076459659478466,0.04766983438751256
SCRAMBLED_SMOOTH_D_g0.01,SCRAMBLED_SMOOTH_D,0.01,6,path_1_to_H,raw,23100,0.07005753911052504,0.04118745527354649
SCRAMBLED_SMOOTH_D_g0.01,SCRAMBLED_SMOOTH_D,0.01,6,terminal_H,clip_0_1,3850,0.07645707005956469,0.04766299931831665
SCRAMBLED_SMOOTH_D_g0.01,SCRAMBLED_SMOOTH_D,0.01,6,path_1_to_H,clip_0_1,23100,0.07004563329854212,0.041163564641231824
SCRAMBLED_SMOOTH_D_g0.01,SCRAMBLED_SMOOTH_D,0.01,9,terminal_H,raw,3850,0.08470450197657474,0.05699502652188325
SCRAMBLED_SMOOTH_D_g0.01,SCRAMBLED_SMOOTH_D,0.01,9,path_1_to_H,raw,34650,0.07441560044654211,0.04511190731960458
SCRAMBLED_SMOOTH_D_g0.01,SCRAMBLED_SMOOTH_D,0.01,9,terminal_H,clip_0_1,3850,0.08470332299882989,0.056986689023430674
SCRAMBLED_SMOOTH_D_g0.01,SCRAMBLED_SMOOTH_D,0.01,9,path_1_to_H,clip_0_1,34650,0.07440746750464163,0.045093816905123256
SCRAMBLED_SMOOTH_D_g0.01,SCRAMBLED_SMOOTH_D,0.01,12,terminal_H,raw,3850,0.09297915140884062,0.06068855430197765
SCRAMBLED_SMOOTH_D_g0.01,SCRAMBLED_SMOOTH_D,0.01,12,path_1_to_H,raw,46200,0.07879009821102345,0.048821772186383325
SCRAMBLED_SMOOTH_D_g0.01,SCRAMBLED_SMOOTH_D,0.01,12,terminal_H,clip_0_1,3850,0.09297289124032514,0.06067166723983587
SCRAMBLED_SMOOTH_D_g0.01,SCRAMBLED_SMOOTH_D,0.01,12,path_1_to_H,clip_0_1,46200,0.07878279346869374,0.048805611405621493
SCRAMBLED_SMOOTH_D_g0.1,SCRAMBLED_SMOOTH_D,0.1,3,terminal_H,raw,3850,0.07163711716579563,0.04164379186732246
SCRAMBLED_SMOOTH_D_g0.1,SCRAMBLED_SMOOTH_D,0.1,3,path_1_to_H,raw,11550,0.0657980934644473,0.03702696507639026
SCRAMBLED_SMOOTH_D_g0.1,SCRAMBLED_SMOOTH_D,0.1,3,terminal_H,clip_0_1,3850,0.07163220315676096,0.04162563343336778
SCRAMBLED_SMOOTH_D_g0.1,SCRAMBLED_SMOOTH_D,0.1,3,path_1_to_H,clip_0_1,11550,0.06578317990652255,0.03699368696930827
SCRAMBLED_SMOOTH_D_g0.1,SCRAMBLED_SMOOTH_D,0.1,6,terminal_H,raw,3850,0.07665766385761884,0.04783293774411714
SCRAMBLED_SMOOTH_D_g0.1,SCRAMBLED_SMOOTH_D,0.1,6,path_1_to_H,raw,23100,0.07029794258117648,0.041384681210486565
SCRAMBLED_SMOOTH_D_g0.1,SCRAMBLED_SMOOTH_D,0.1,6,terminal_H,clip_0_1,3850,0.07665500247978009,0.04782584217982769
SCRAMBLED_SMOOTH_D_g0.1,SCRAMBLED_SMOOTH_D,0.1,6,path_1_to_H,clip_0_1,23100,0.07028988213894151,0.04136264142214078
SCRAMBLED_SMOOTH_D_g0.1,SCRAMBLED_SMOOTH_D,0.1,9,terminal_H,raw,3850,0.08479206074055108,0.057082156554945154
SCRAMBLED_SMOOTH_D_g0.1,SCRAMBLED_SMOOTH_D,0.1,9,path_1_to_H,raw,34650,0.07464131700297634,0.04530874360300567
SCRAMBLED_SMOOTH_D_g0.1,SCRAMBLED_SMOOTH_D,0.1,9,terminal_H,clip_0_1,3850,0.08479072071480753,0.05707305175936475
SCRAMBLED_SMOOTH_D_g0.1,SCRAMBLED_SMOOTH_D,0.1,9,path_1_to_H,clip_0_1,34650,0.07463543814956856,0.045291451403563235
SCRAMBLED_SMOOTH_D_g0.1,SCRAMBLED_SMOOTH_D,0.1,12,terminal_H,raw,3850,0.09280999248586404,0.060654215558786584
SCRAMBLED_SMOOTH_D_g0.1,SCRAMBLED_SMOOTH_D,0.1,12,path_1_to_H,raw,46200,0.07892288334998869,0.04897150258036197
SCRAMBLED_SMOOTH_D_g0.1,SCRAMBLED_SMOOTH_D,0.1,12,terminal_H,clip_0_1,3850,0.09280298343666658,0.06063654903785366
SCRAMBLED_SMOOTH_D_g0.1,SCRAMBLED_SMOOTH_D,0.1,12,path_1_to_H,clip_0_1,46200,0.07891700055590302,0.04895569534756313
SCRAMBLED_SMOOTH_D_g1,SCRAMBLED_SMOOTH_D,1.0,3,terminal_H,raw,3850,0.07191414110152482,0.041887030611097
SCRAMBLED_SMOOTH_D_g1,SCRAMBLED_SMOOTH_D,1.0,3,path_1_to_H,raw,11550,0.0662297454927075,0.03736997414890491
SCRAMBLED_SMOOTH_D_g1,SCRAMBLED_SMOOTH_D,1.0,3,terminal_H,clip_0_1,3850,0.07189879545281985,0.04186514463725494
SCRAMBLED_SMOOTH_D_g1,SCRAMBLED_SMOOTH_D,1.0,3,path_1_to_H,clip_0_1,11550,0.06621691715512942,0.03733935524893585
SCRAMBLED_SMOOTH_D_g1,SCRAMBLED_SMOOTH_D,1.0,6,terminal_H,raw,3850,0.07692032813446438,0.04802479171331879
SCRAMBLED_SMOOTH_D_g1,SCRAMBLED_SMOOTH_D,1.0,6,path_1_to_H,raw,23100,0.0706677882251445,0.041674490273630745
SCRAMBLED_SMOOTH_D_g1,SCRAMBLED_SMOOTH_D,1.0,6,terminal_H,clip_0_1,3850,0.0769183352954696,0.04801894831409094
SCRAMBLED_SMOOTH_D_g1,SCRAMBLED_SMOOTH_D,1.0,6,path_1_to_H,clip_0_1,23100,0.07066087581278883,0.04165431167958074
SCRAMBLED_SMOOTH_D_g1,SCRAMBLED_SMOOTH_D,1.0,9,terminal_H,raw,3850,0.08490498021896374,0.05720073877823658
SCRAMBLED_SMOOTH_D_g1,SCRAMBLED_SMOOTH_D,1.0,9,path_1_to_H,raw,34650,0.07497772915283177,0.04557681689216472
SCRAMBLED_SMOOTH_D_g1,SCRAMBLED_SMOOTH_D,1.0,9,terminal_H,clip_0_1,3850,0.0849035715283659,0.05719141788700884
SCRAMBLED_SMOOTH_D_g1,SCRAMBLED_SMOOTH_D,1.0,9,path_1_to_H,clip_0_1,34650,0.0749726988774442,0.045560813585993856
SCRAMBLED_SMOOTH_D_g1,SCRAMBLED_SMOOTH_D,1.0,12,terminal_H,raw,3850,0.0927265571820716,0.06069510333043628
SCRAMBLED_SMOOTH_D_g1,SCRAMBLED_SMOOTH_D,1.0,12,path_1_to_H,raw,46200,0.07916135765144983,0.04919046979304634
SCRAMBLED_SMOOTH_D_g1,SCRAMBLED_SMOOTH_D,1.0,12,terminal_H,clip_0_1,3850,0.09271920630355518,0.06067643807826328
SCRAMBLED_SMOOTH_D_g1,SCRAMBLED_SMOOTH_D,1.0,12,path_1_to_H,clip_0_1,46200,0.07915603712097717,0.04917549392066785
D_NORM_g0.01,D_NORM,0.01,3,terminal_H,raw,3850,0.07161099000169546,0.04153742290944741
D_NORM_g0.01,D_NORM,0.01,3,path_1_to_H,raw,11550,0.06545675976855486,0.036772580857630445
D_NORM_g0.01,D_NORM,0.01,3,terminal_H,clip_0_1,3850,0.07160834648385363,0.041521375156395125
D_NORM_g0.01,D_NORM,0.01,3,path_1_to_H,clip_0_1,11550,0.06543382280573072,0.036735887708956125
D_NORM_g0.01,D_NORM,0.01,6,terminal_H,raw,3850,0.0764848213712699,0.04766450336976172
D_NORM_g0.01,D_NORM,0.01,6,path_1_to_H,raw,23100,0.07009706826962125,0.04120864046093769
D_NORM_g0.01,D_NORM,0.01,6,terminal_H,clip_0_1,3850,0.07648250990308719,0.04765816738556482
D_NORM_g0.01,D_NORM,0.01,6,path_1_to_H,clip_0_1,23100,0.07008561895856358,0.041185577676101426
D_NORM_g0.01,D_NORM,0.01,9,terminal_H,raw,3850,0.08467389735494801,0.05698298967684312
D_NORM_g0.01,D_NORM,0.01,9,path_1_to_H,raw,34650,0.07443409989790448,0.04512350946564394
D_NORM_g0.01,D_NORM,0.01,9,terminal_H,clip_0_1,3850,0.08467272600423117,0.05697482829639848
D_NORM_g0.01,D_NORM,0.01,9,path_1_to_H,clip_0_1,34650,0.07442636869914782,0.04510617029422791
D_NORM_g0.01,D_NORM,0.01,12,terminal_H,raw,3850,0.0929789809500248,0.060683539300074155
D_NORM_g0.01,D_NORM,0.01,12,path_1_to_H,raw,46200,0.07881200540658602,0.04883511792876746
D_NORM_g0.01,D_NORM,0.01,12,terminal_H,clip_0_1,3850,0.09297268765847241,0.06066669382288539
D_NORM_g0.01,D_NORM,0.01,12,path_1_to_H,clip_0_1,46200,0.07880500593420714,0.048819557876478174
D_NORM_g0.1,D_NORM,0.1,3,terminal_H,raw,3850,0.07192293593682068,0.04178495128181915
D_NORM_g0.1,D_NORM,0.1,3,path_1_to_H,raw,11550,0.06608811143750877,0.037202708486941724
D_NORM_g0.1,D_NORM,0.1,3,terminal_H,clip_0_1,3850,0.07191817503612473,0.041768417585120406
D_NORM_g0.1,D_NORM,0.1,3,path_1_to_H,clip_0_1,11550,0.06607680706142449,0.037171768802040886
D_NORM_g0.1,D_NORM,0.1,6,terminal_H,raw,3850,0.0769204309217149,0.0478813536429148
D_NORM_g0.1,D_NORM,0.1,6,path_1_to_H,raw,23100,0.07064854048663947,0.04157562854425041
D_NORM_g0.1,D_NORM,0.1,6,terminal_H,clip_0_1,3850,0.07691863419285468,0.04787634489948566
D_NORM_g0.1,D_NORM,0.1,6,path_1_to_H,clip_0_1,23100,0.07064265486088862,0.04155611845250257
D_NORM_g0.1,D_NORM,0.1,9,terminal_H,raw,3850,0.0847450767963935,0.057104498119219985
D_NORM_g0.1,D_NORM,0.1,9,path_1_to_H,raw,34650,0.07489908882668775,0.04546171498388692
D_NORM_g0.1,D_NORM,0.1,9,terminal_H,clip_0_1,3850,0.08474386067054214,0.05709626375502643
D_NORM_g0.1,D_NORM,0.1,9,path_1_to_H,clip_0_1,34650,0.07489497650233223,0.04544659194128031
D_NORM_g0.1,D_NORM,0.1,12,terminal_H,raw,3850,0.09280169739853561,0.060671024864852686
D_NORM_g0.1,D_NORM,0.1,12,path_1_to_H,raw,46200,0.07911571011004664,0.04910164015366387
D_NORM_g0.1,D_NORM,0.1,12,terminal_H,clip_0_1,3850,0.09279377129480465,0.06065206820381254
D_NORM_g0.1,D_NORM,0.1,12,path_1_to_H,clip_0_1,46200,0.07911099703093265,0.04908737204969675
D_NORM_g1,D_NORM,1.0,3,terminal_H,raw,3850,0.07239995101792074,0.0421364753198526
D_NORM_g1,D_NORM,1.0,3,path_1_to_H,raw,11550,0.06685479528278458,0.03774594647443495
D_NORM_g1,D_NORM,1.0,3,terminal_H,clip_0_1,3850,0.07238729414804926,0.04211663490754484
D_NORM_g1,D_NORM,1.0,3,path_1_to_H,clip_0_1,11550,0.06684403873001062,0.03771504456817127
D_NORM_g1,D_NORM,1.0,6,terminal_H,raw,3850,0.0774761041113199,0.048227916226158546
D_NORM_g1,D_NORM,1.0,6,path_1_to_H,raw,23100,0.07133973530364066,0.0420521755144349
D_NORM_g1,D_NORM,1.0,6,terminal_H,clip_0_1,3850,0.07747487382747535,0.048223285254523206
D_NORM_g1,D_NORM,1.0,6,path_1_to_H,clip_0_1,23100,0.0713341746034812,0.04203289065096275
D_NORM_g1,D_NORM,1.0,9,terminal_H,raw,3850,0.08517938552037904,0.05746122228697537
D_NORM_g1,D_NORM,1.0,9,path_1_to_H,raw,34650,0.07555117594610136,0.04591592814196887
D_NORM_g1,D_NORM,1.0,9,terminal_H,clip_0_1,3850,0.0851751275995899,0.05745104726760701
D_NORM_g1,D_NORM,1.0,9,path_1_to_H,clip_0_1,34650,0.0755470064732777,0.04590048324995163
D_NORM_g1,D_NORM,1.0,12,terminal_H,raw,3850,0.09289612596507808,0.060897959936206426
D_NORM_g1,D_NORM,1.0,12,path_1_to_H,raw,46200,0.07962147955161811,0.049504255978873535
D_NORM_g1,D_NORM,1.0,12,terminal_H,clip_0_1,3850,0.09288567574081219,0.06087556911128851
D_NORM_g1,D_NORM,1.0,12,path_1_to_H,clip_0_1,46200,0.0796161312135207,0.049488989865505435
GLOBAL_RIDGE_g0.01,GLOBAL_RIDGE,0.01,3,terminal_H,raw,3850,0.07184669179410547,0.04153966444501182
GLOBAL_RIDGE_g0.01,GLOBAL_RIDGE,0.01,3,path_1_to_H,raw,11550,0.06564993207797351,0.0366841535742466
GLOBAL_RIDGE_g0.01,GLOBAL_RIDGE,0.01,3,terminal_H,clip_0_1,3850,0.07184463412596548,0.041524168723605134
GLOBAL_RIDGE_g0.01,GLOBAL_RIDGE,0.01,3,path_1_to_H,clip_0_1,11550,0.06562390852227042,0.0366462135995482
GLOBAL_RIDGE_g0.01,GLOBAL_RIDGE,0.01,6,terminal_H,raw,3850,0.07656862416011699,0.04759745158695507
GLOBAL_RIDGE_g0.01,GLOBAL_RIDGE,0.01,6,path_1_to_H,raw,23100,0.07026487040021265,0.04114166989233612
GLOBAL_RIDGE_g0.01,GLOBAL_RIDGE,0.01,6,terminal_H,clip_0_1,3850,0.07656606451116821,0.04759073732822786
GLOBAL_RIDGE_g0.01,GLOBAL_RIDGE,0.01,6,path_1_to_H,clip_0_1,23100,0.07025193048113179,0.04111788642292541
GLOBAL_RIDGE_g0.01,GLOBAL_RIDGE,0.01,9,terminal_H,raw,3850,0.08485421645334192,0.05699340804845472
GLOBAL_RIDGE_g0.01,GLOBAL_RIDGE,0.01,9,path_1_to_H,raw,34650,0.07460966758905374,0.04507533194479988
GLOBAL_RIDGE_g0.01,GLOBAL_RIDGE,0.01,9,terminal_H,clip_0_1,3850,0.08485294301905075,0.05698457795393606
GLOBAL_RIDGE_g0.01,GLOBAL_RIDGE,0.01,9,path_1_to_H,clip_0_1,34650,0.07460085977396258,0.04505736894653966
GLOBAL_RIDGE_g0.01,GLOBAL_RIDGE,0.01,12,terminal_H,raw,3850,0.09318856853586517,0.060796290122068435
GLOBAL_RIDGE_g0.01,GLOBAL_RIDGE,0.01,12,path_1_to_H,raw,46200,0.07899816764355001,0.04882440993890707
GLOBAL_RIDGE_g0.01,GLOBAL_RIDGE,0.01,12,terminal_H,clip_0_1,3850,0.09318156414417318,0.06077768892328218
GLOBAL_RIDGE_g0.01,GLOBAL_RIDGE,0.01,12,path_1_to_H,clip_0_1,46200,0.07899022911083638,0.04880810591156727
GLOBAL_RIDGE_g0.1,GLOBAL_RIDGE,0.1,3,terminal_H,raw,3850,0.07380076107254177,0.041755440048635455
GLOBAL_RIDGE_g0.1,GLOBAL_RIDGE,0.1,3,path_1_to_H,raw,11550,0.06780454299282455,0.036670683881354506
GLOBAL_RIDGE_g0.1,GLOBAL_RIDGE,0.1,3,terminal_H,clip_0_1,3850,0.0737936205515724,0.04173740443989971
GLOBAL_RIDGE_g0.1,GLOBAL_RIDGE,0.1,3,path_1_to_H,clip_0_1,11550,0.06778571570727224,0.036637896450249126
GLOBAL_RIDGE_g0.1,GLOBAL_RIDGE,0.1,6,terminal_H,raw,3850,0.07794150932021227,0.04761285995531522
GLOBAL_RIDGE_g0.1,GLOBAL_RIDGE,0.1,6,path_1_to_H,raw,23100,0.0721751657634036,0.04122134750626583
GLOBAL_RIDGE_g0.1,GLOBAL_RIDGE,0.1,6,terminal_H,clip_0_1,3850,0.07793660629473761,0.04760348747680044
GLOBAL_RIDGE_g0.1,GLOBAL_RIDGE,0.1,6,path_1_to_H,clip_0_1,23100,0.07216446296198663,0.04119918544137528
GLOBAL_RIDGE_g0.1,GLOBAL_RIDGE,0.1,9,terminal_H,raw,3850,0.0864557069787098,0.05750886485571173
GLOBAL_RIDGE_g0.1,GLOBAL_RIDGE,0.1,9,path_1_to_H,raw,34650,0.07650595773965616,0.045307542208214896
GLOBAL_RIDGE_g0.1,GLOBAL_RIDGE,0.1,9,terminal_H,clip_0_1,3850,0.08644157586374956,0.05748805565645256
GLOBAL_RIDGE_g0.1,GLOBAL_RIDGE,0.1,9,path_1_to_H,clip_0_1,34650,0.07649543060761761,0.045287717836978165
GLOBAL_RIDGE_g0.1,GLOBAL_RIDGE,0.1,12,terminal_H,raw,3850,0.09459380954212553,0.061566020041083726
GLOBAL_RIDGE_g0.1,GLOBAL_RIDGE,0.1,12,path_1_to_H,raw,46200,0.08078612098008338,0.049202861323012326
GLOBAL_RIDGE_g0.1,GLOBAL_RIDGE,0.1,12,terminal_H,clip_0_1,3850,0.09456982600525889,0.061522289529730295
GLOBAL_RIDGE_g0.1,GLOBAL_RIDGE,0.1,12,path_1_to_H,clip_0_1,46200,0.08077206502756228,0.04917931404922175
GLOBAL_RIDGE_g1,GLOBAL_RIDGE,1.0,3,terminal_H,raw,3850,0.0788974882572826,0.042334853908226104
GLOBAL_RIDGE_g1,GLOBAL_RIDGE,1.0,3,path_1_to_H,raw,11550,0.07399123704359858,0.037251303902714174
GLOBAL_RIDGE_g1,GLOBAL_RIDGE,1.0,3,terminal_H,clip_0_1,3850,0.07886792476762358,0.042284456972518265
GLOBAL_RIDGE_g1,GLOBAL_RIDGE,1.0,3,path_1_to_H,clip_0_1,11550,0.07396813517569963,0.037199360929189136
GLOBAL_RIDGE_g1,GLOBAL_RIDGE,1.0,6,terminal_H,raw,3850,0.0820829220917281,0.047979274522133776
GLOBAL_RIDGE_g1,GLOBAL_RIDGE,1.0,6,path_1_to_H,raw,23100,0.07750180445572327,0.04175061032275529
GLOBAL_RIDGE_g1,GLOBAL_RIDGE,1.0,6,terminal_H,clip_0_1,3850,0.08200730013211714,0.047943675849503486
GLOBAL_RIDGE_g1,GLOBAL_RIDGE,1.0,6,path_1_to_H,clip_0_1,23100,0.07746502647177438,0.041705554238722645
GLOBAL_RIDGE_g1,GLOBAL_RIDGE,1.0,9,terminal_H,raw,3850,0.09400583729177173,0.06171848032619125
GLOBAL_RIDGE_g1,GLOBAL_RIDGE,1.0,9,path_1_to_H,raw,34650,0.08246931445622245,0.046724614281542405
GLOBAL_RIDGE_g1,GLOBAL_RIDGE,1.0,9,terminal_H,clip_0_1,3850,0.09360268201457593,0.06154028548823232
GLOBAL_RIDGE_g1,GLOBAL_RIDGE,1.0,9,path_1_to_H,clip_0_1,34650,0.0823516722001835,0.04666145854358145
GLOBAL_RIDGE_g1,GLOBAL_RIDGE,1.0,12,terminal_H,raw,3850,0.10230958239416699,0.06700265256186541
GLOBAL_RIDGE_g1,GLOBAL_RIDGE,1.0,12,path_1_to_H,raw,46200,0.08721468009955563,0.05152942599662114
GLOBAL_RIDGE_g1,GLOBAL_RIDGE,1.0,12,terminal_H,clip_0_1,3850,0.1018189331922453,0.06660612651731039
GLOBAL_RIDGE_g1,GLOBAL_RIDGE,1.0,12,path_1_to_H,clip_0_1,46200,0.0869734047814424,0.051397759009500395
