stage,model,seed,horizon,status,target_scope,postprocess,scored_values,rmse,mae
DEV_EVAL,BASE_OD,fixed,3,AVAILABLE,terminal_H,raw,3850,0.10887039335131089,0.06275004621150433
DEV_EVAL,BASE_OD,fixed,3,AVAILABLE,path_1_to_H,raw,11550,0.10844216983936744,0.058215197733632706
DEV_EVAL,BASE_OD,fixed,3,AVAILABLE,terminal_H,clip_0_1,3850,0.10886780811190436,0.06273469880252884
DEV_EVAL,BASE_OD,fixed,3,AVAILABLE,path_1_to_H,clip_0_1,11550,0.10843753341885691,0.05819006858839025
DEV_EVAL,BASE_OD,fixed,6,AVAILABLE,terminal_H,raw,3850,0.11250546994246287,0.0665814280472109
DEV_EVAL,BASE_OD,fixed,6,AVAILABLE,path_1_to_H,raw,23100,0.11573379773837021,0.0641401073633475
DEV_EVAL,BASE_OD,fixed,6,AVAILABLE,terminal_H,clip_0_1,3850,0.11250526267504261,0.06657595630038025
DEV_EVAL,BASE_OD,fixed,6,AVAILABLE,path_1_to_H,clip_0_1,23100,0.11573146002772243,0.06412423873220525
DEV_EVAL,BASE_OD,fixed,9,AVAILABLE,terminal_H,raw,3850,0.10869267033876627,0.07002267576815444
DEV_EVAL,BASE_OD,fixed,9,AVAILABLE,path_1_to_H,raw,34650,0.11380050957884068,0.0655027878658581
DEV_EVAL,BASE_OD,fixed,9,AVAILABLE,terminal_H,clip_0_1,3850,0.10869232862842484,0.07001665524068995
DEV_EVAL,BASE_OD,fixed,9,AVAILABLE,path_1_to_H,clip_0_1,34650,0.11379886871626999,0.06549087750715707
DEV_EVAL,BASE_OD,fixed,12,AVAILABLE,terminal_H,raw,3850,0.11451864758001216,0.07462423058099567
DEV_EVAL,BASE_OD,fixed,12,AVAILABLE,path_1_to_H,raw,46200,0.1137195144299465,0.06743035463423697
DEV_EVAL,BASE_OD,fixed,12,AVAILABLE,terminal_H,clip_0_1,3850,0.11451219890044605,0.0746072320687806
DEV_EVAL,BASE_OD,fixed,12,AVAILABLE,path_1_to_H,clip_0_1,46200,0.11371613644994719,0.06741728765730044
DEV_EVAL,PRODUCT_MSE,20260915,3,AVAILABLE,terminal_H,raw,3850,0.10829585869753129,0.06311250422077097
DEV_EVAL,PRODUCT_MSE,20260915,3,AVAILABLE,path_1_to_H,raw,11550,0.10796090603980617,0.05876077273405982
DEV_EVAL,PRODUCT_MSE,20260915,3,AVAILABLE,terminal_H,clip_0_1,3850,0.10828254824787965,0.06308087757661204
DEV_EVAL,PRODUCT_MSE,20260915,3,AVAILABLE,path_1_to_H,clip_0_1,11550,0.10794759171120674,0.05871826305405842
DEV_EVAL,PRODUCT_MSE,20260915,6,AVAILABLE,terminal_H,raw,3850,0.11306208119620703,0.06766472107085539
DEV_EVAL,PRODUCT_MSE,20260915,6,AVAILABLE,path_1_to_H,raw,23100,0.11556911861221351,0.06480888868916461
DEV_EVAL,PRODUCT_MSE,20260915,6,AVAILABLE,terminal_H,clip_0_1,3850,0.11305131024015512,0.06762704973257122
DEV_EVAL,PRODUCT_MSE,20260915,6,AVAILABLE,path_1_to_H,clip_0_1,23100,0.1155559579173443,0.0647673637570561
DEV_EVAL,PRODUCT_MSE,20260915,9,AVAILABLE,terminal_H,raw,3850,0.11051987354928129,0.07154664251679763
DEV_EVAL,PRODUCT_MSE,20260915,9,AVAILABLE,path_1_to_H,raw,34650,0.11409549145397858,0.06640282416353536
DEV_EVAL,PRODUCT_MSE,20260915,9,AVAILABLE,terminal_H,clip_0_1,3850,0.11051861842813156,0.07152902048724893
DEV_EVAL,PRODUCT_MSE,20260915,9,AVAILABLE,path_1_to_H,clip_0_1,34650,0.11408406962238193,0.06636498999285956
DEV_EVAL,PRODUCT_MSE,20260915,12,AVAILABLE,terminal_H,raw,3850,0.11637860185507154,0.07550626705873817
DEV_EVAL,PRODUCT_MSE,20260915,12,AVAILABLE,path_1_to_H,raw,46200,0.11431900575623426,0.06839497694268504
DEV_EVAL,PRODUCT_MSE,20260915,12,AVAILABLE,terminal_H,clip_0_1,3850,0.11637826030770512,0.07550375727236665
DEV_EVAL,PRODUCT_MSE,20260915,12,AVAILABLE,path_1_to_H,clip_0_1,46200,0.11430979180636443,0.06836570653011291
DEV_EVAL,PRODUCT_MSE,20260916,3,AVAILABLE,terminal_H,raw,3850,0.10762150080044493,0.06183997345595486
DEV_EVAL,PRODUCT_MSE,20260916,3,AVAILABLE,path_1_to_H,raw,11550,0.10743068819242053,0.057600286029804076
DEV_EVAL,PRODUCT_MSE,20260916,3,AVAILABLE,terminal_H,clip_0_1,3850,0.10750415453465956,0.06173772111798163
DEV_EVAL,PRODUCT_MSE,20260916,3,AVAILABLE,path_1_to_H,clip_0_1,11550,0.10733853661458533,0.0574928486960663
DEV_EVAL,PRODUCT_MSE,20260916,6,AVAILABLE,terminal_H,raw,3850,0.11338301715350599,0.06724827600013872
DEV_EVAL,PRODUCT_MSE,20260916,6,AVAILABLE,path_1_to_H,raw,23100,0.11563797304638891,0.06388919041345846
DEV_EVAL,PRODUCT_MSE,20260916,6,AVAILABLE,terminal_H,clip_0_1,3850,0.11317877883702529,0.06696411618526286
DEV_EVAL,PRODUCT_MSE,20260916,6,AVAILABLE,path_1_to_H,clip_0_1,23100,0.11547196243055116,0.06369605240166687
DEV_EVAL,PRODUCT_MSE,20260916,9,AVAILABLE,terminal_H,raw,3850,0.1085578973661185,0.07012306554487646
DEV_EVAL,PRODUCT_MSE,20260916,9,AVAILABLE,path_1_to_H,raw,34650,0.11380147136676418,0.0653439889355668
DEV_EVAL,PRODUCT_MSE,20260916,9,AVAILABLE,terminal_H,clip_0_1,3850,0.108512091130848,0.07002906904650148
DEV_EVAL,PRODUCT_MSE,20260916,9,AVAILABLE,path_1_to_H,clip_0_1,34650,0.11366199301704458,0.06517117825846212
DEV_EVAL,PRODUCT_MSE,20260916,12,AVAILABLE,terminal_H,raw,3850,0.1146308705355145,0.07460280918211133
DEV_EVAL,PRODUCT_MSE,20260916,12,AVAILABLE,path_1_to_H,raw,46200,0.11359971421875562,0.06731633852552703
DEV_EVAL,PRODUCT_MSE,20260916,12,AVAILABLE,terminal_H,clip_0_1,3850,0.11462326894344908,0.07457107778574439
DEV_EVAL,PRODUCT_MSE,20260916,12,AVAILABLE,path_1_to_H,clip_0_1,46200,0.11348884333932865,0.0671741265134201
DEV_EVAL,PRODUCT_MSE,20260917,3,AVAILABLE,terminal_H,raw,3850,0.10717668405439977,0.06258287145506423
DEV_EVAL,PRODUCT_MSE,20260917,3,AVAILABLE,path_1_to_H,raw,11550,0.1072900050111226,0.058224564142664366
DEV_EVAL,PRODUCT_MSE,20260917,3,AVAILABLE,terminal_H,clip_0_1,3850,0.10714607114323838,0.06252501317998707
DEV_EVAL,PRODUCT_MSE,20260917,3,AVAILABLE,path_1_to_H,clip_0_1,11550,0.10726656227521787,0.05816564018978493
DEV_EVAL,PRODUCT_MSE,20260917,6,AVAILABLE,terminal_H,raw,3850,0.11209167841866466,0.06780828697683887
DEV_EVAL,PRODUCT_MSE,20260917,6,AVAILABLE,path_1_to_H,raw,23100,0.1149003472017145,0.06448256097956796
DEV_EVAL,PRODUCT_MSE,20260917,6,AVAILABLE,terminal_H,clip_0_1,3850,0.11207141962221873,0.06774219643741658
DEV_EVAL,PRODUCT_MSE,20260917,6,AVAILABLE,path_1_to_H,clip_0_1,23100,0.11487532063771863,0.064415099875999
DEV_EVAL,PRODUCT_MSE,20260917,9,AVAILABLE,terminal_H,raw,3850,0.1096708600652709,0.07246738970330283
DEV_EVAL,PRODUCT_MSE,20260917,9,AVAILABLE,path_1_to_H,raw,34650,0.11342129869290239,0.06640349412113708
DEV_EVAL,PRODUCT_MSE,20260917,9,AVAILABLE,terminal_H,clip_0_1,3850,0.10965341539285074,0.07242023496841388
DEV_EVAL,PRODUCT_MSE,20260917,9,AVAILABLE,path_1_to_H,clip_0_1,34650,0.11339970004636991,0.06634035606795989
DEV_EVAL,PRODUCT_MSE,20260917,12,AVAILABLE,terminal_H,raw,3850,0.11452717032361337,0.07540660709371044
DEV_EVAL,PRODUCT_MSE,20260917,12,AVAILABLE,path_1_to_H,raw,46200,0.11336585629759102,0.06838668913216825
DEV_EVAL,PRODUCT_MSE,20260917,12,AVAILABLE,terminal_H,clip_0_1,3850,0.11449481347243566,0.07535751201227088
DEV_EVAL,PRODUCT_MSE,20260917,12,AVAILABLE,path_1_to_H,clip_0_1,46200,0.11334094213050742,0.06832831278782535
DEV_EVAL,PRODUCT_POSREG,20260915,3,AVAILABLE,terminal_H,raw,3850,0.10914058372590309,0.06276205381686041
DEV_EVAL,PRODUCT_POSREG,20260915,3,AVAILABLE,path_1_to_H,raw,11550,0.10851697810928757,0.05816260263236536
DEV_EVAL,PRODUCT_POSREG,20260915,3,AVAILABLE,terminal_H,clip_0_1,3850,0.1091299606127941,0.06273932581293361
DEV_EVAL,PRODUCT_POSREG,20260915,3,AVAILABLE,path_1_to_H,clip_0_1,11550,0.10850558429485868,0.058129030829764956
DEV_EVAL,PRODUCT_POSREG,20260915,6,AVAILABLE,terminal_H,raw,3850,0.11358374504999573,0.06766124813278263
DEV_EVAL,PRODUCT_POSREG,20260915,6,AVAILABLE,path_1_to_H,raw,23100,0.11620364954023522,0.06443942356667566
DEV_EVAL,PRODUCT_POSREG,20260915,6,AVAILABLE,terminal_H,clip_0_1,3850,0.1135728827227824,0.06762452200823126
DEV_EVAL,PRODUCT_POSREG,20260915,6,AVAILABLE,path_1_to_H,clip_0_1,23100,0.11619187997013206,0.06440307433764814
DEV_EVAL,PRODUCT_POSREG,20260915,9,AVAILABLE,terminal_H,raw,3850,0.1103546618344471,0.07147346339253419
DEV_EVAL,PRODUCT_POSREG,20260915,9,AVAILABLE,path_1_to_H,raw,34650,0.11457751197343079,0.06610334654915472
DEV_EVAL,PRODUCT_POSREG,20260915,9,AVAILABLE,terminal_H,clip_0_1,3850,0.11035437223064572,0.07146557335804452
DEV_EVAL,PRODUCT_POSREG,20260915,9,AVAILABLE,path_1_to_H,clip_0_1,34650,0.11456784816511002,0.06607150784602103
DEV_EVAL,PRODUCT_POSREG,20260915,12,AVAILABLE,terminal_H,raw,3850,0.11527623399801201,0.07541128698260231
DEV_EVAL,PRODUCT_POSREG,20260915,12,AVAILABLE,path_1_to_H,raw,46200,0.1145059074403225,0.06816116896981593
DEV_EVAL,PRODUCT_POSREG,20260915,12,AVAILABLE,terminal_H,clip_0_1,3850,0.11527117991403361,0.07540304586838065
DEV_EVAL,PRODUCT_POSREG,20260915,12,AVAILABLE,path_1_to_H,clip_0_1,46200,0.11449708786047287,0.06813494872051121
DEV_EVAL,PRODUCT_POSREG,20260916,3,AVAILABLE,terminal_H,raw,3850,0.10755979080034359,0.06160719651818585
DEV_EVAL,PRODUCT_POSREG,20260916,3,AVAILABLE,path_1_to_H,raw,11550,0.10769421358500902,0.05751113175110737
DEV_EVAL,PRODUCT_POSREG,20260916,3,AVAILABLE,terminal_H,clip_0_1,3850,0.10755132897183267,0.06158542514790181
DEV_EVAL,PRODUCT_POSREG,20260916,3,AVAILABLE,path_1_to_H,clip_0_1,11550,0.10768583596541552,0.05748102043174648
DEV_EVAL,PRODUCT_POSREG,20260916,6,AVAILABLE,terminal_H,raw,3850,0.11180138013083057,0.06586377718460933
DEV_EVAL,PRODUCT_POSREG,20260916,6,AVAILABLE,path_1_to_H,raw,23100,0.11509073000290275,0.06335662740383331
DEV_EVAL,PRODUCT_POSREG,20260916,6,AVAILABLE,terminal_H,clip_0_1,3850,0.11175404785681367,0.06577433076744056
DEV_EVAL,PRODUCT_POSREG,20260916,6,AVAILABLE,path_1_to_H,clip_0_1,23100,0.1150712218871454,0.06330393533599105
DEV_EVAL,PRODUCT_POSREG,20260916,9,AVAILABLE,terminal_H,raw,3850,0.1076629670916247,0.06886763057778103
DEV_EVAL,PRODUCT_POSREG,20260916,9,AVAILABLE,path_1_to_H,raw,34650,0.11308214729543824,0.06454950535485483
DEV_EVAL,PRODUCT_POSREG,20260916,9,AVAILABLE,terminal_H,clip_0_1,3850,0.10764924417598538,0.06882662735882696
DEV_EVAL,PRODUCT_POSREG,20260916,9,AVAILABLE,path_1_to_H,clip_0_1,34650,0.11305880439153419,0.06449679771460118
DEV_EVAL,PRODUCT_POSREG,20260916,12,AVAILABLE,terminal_H,raw,3850,0.11424245760508325,0.0742622297759553
DEV_EVAL,PRODUCT_POSREG,20260916,12,AVAILABLE,path_1_to_H,raw,46200,0.11295919965474542,0.06655915875012142
DEV_EVAL,PRODUCT_POSREG,20260916,12,AVAILABLE,terminal_H,clip_0_1,3850,0.11423411213860317,0.07423767659474241
DEV_EVAL,PRODUCT_POSREG,20260916,12,AVAILABLE,path_1_to_H,clip_0_1,46200,0.11293898726907918,0.06651324987645518
DEV_EVAL,PRODUCT_POSREG,20260917,3,AVAILABLE,terminal_H,raw,3850,0.10750143075520356,0.062480241084782964
DEV_EVAL,PRODUCT_POSREG,20260917,3,AVAILABLE,path_1_to_H,raw,11550,0.10731578397933168,0.05782054441276518
DEV_EVAL,PRODUCT_POSREG,20260917,3,AVAILABLE,terminal_H,clip_0_1,3850,0.10749469439870526,0.062457328718885256
DEV_EVAL,PRODUCT_POSREG,20260917,3,AVAILABLE,path_1_to_H,clip_0_1,11550,0.10730936194885217,0.05779016792220068
DEV_EVAL,PRODUCT_POSREG,20260917,6,AVAILABLE,terminal_H,raw,3850,0.11269161560026889,0.06711598240439583
DEV_EVAL,PRODUCT_POSREG,20260917,6,AVAILABLE,path_1_to_H,raw,23100,0.11532976100623687,0.06407564958485407
DEV_EVAL,PRODUCT_POSREG,20260917,6,AVAILABLE,terminal_H,clip_0_1,3850,0.11268155109998729,0.06708096357307804
DEV_EVAL,PRODUCT_POSREG,20260917,6,AVAILABLE,path_1_to_H,clip_0_1,23100,0.11532126998903329,0.06404399438524519
DEV_EVAL,PRODUCT_POSREG,20260917,9,AVAILABLE,terminal_H,raw,3850,0.1096827028992755,0.07163359633021421
DEV_EVAL,PRODUCT_POSREG,20260917,9,AVAILABLE,path_1_to_H,raw,34650,0.11375556695425201,0.06581454073847298
DEV_EVAL,PRODUCT_POSREG,20260917,9,AVAILABLE,terminal_H,clip_0_1,3850,0.10967329161127536,0.07161094663252725
DEV_EVAL,PRODUCT_POSREG,20260917,9,AVAILABLE,path_1_to_H,clip_0_1,34650,0.11374676061896355,0.06578478665328938
DEV_EVAL,PRODUCT_POSREG,20260917,12,AVAILABLE,terminal_H,raw,3850,0.11530377715053441,0.07518726476842069
DEV_EVAL,PRODUCT_POSREG,20260917,12,AVAILABLE,path_1_to_H,raw,46200,0.11385991685096186,0.06793480030098031
DEV_EVAL,PRODUCT_POSREG,20260917,12,AVAILABLE,terminal_H,clip_0_1,3850,0.11529812961421748,0.07516942434661632
DEV_EVAL,PRODUCT_POSREG,20260917,12,AVAILABLE,path_1_to_H,clip_0_1,46200,0.11385074989169622,0.06790738713933564
DEV_EVAL,PRODUCT_MIX,20260915,3,AVAILABLE,terminal_H,raw,3850,0.10865617349243889,0.06211070826961564
DEV_EVAL,PRODUCT_MIX,20260915,3,AVAILABLE,path_1_to_H,raw,11550,0.10799744303596377,0.05754997644758734
DEV_EVAL,PRODUCT_MIX,20260915,3,AVAILABLE,terminal_H,clip_0_1,3850,0.10862099572102142,0.062075208162329316
DEV_EVAL,PRODUCT_MIX,20260915,3,AVAILABLE,path_1_to_H,clip_0_1,11550,0.10794788377703148,0.05748345452601687
DEV_EVAL,PRODUCT_MIX,20260915,6,AVAILABLE,terminal_H,raw,3850,0.11350368804283494,0.06646333619136778
DEV_EVAL,PRODUCT_MIX,20260915,6,AVAILABLE,path_1_to_H,raw,23100,0.11602466441740113,0.0637142409466806
DEV_EVAL,PRODUCT_MIX,20260915,6,AVAILABLE,terminal_H,clip_0_1,3850,0.11347602474222676,0.06641107525703963
DEV_EVAL,PRODUCT_MIX,20260915,6,AVAILABLE,path_1_to_H,clip_0_1,23100,0.11598608926672391,0.06364837103495168
DEV_EVAL,PRODUCT_MIX,20260915,9,AVAILABLE,terminal_H,raw,3850,0.11034685792534271,0.07090356205144954
DEV_EVAL,PRODUCT_MIX,20260915,9,AVAILABLE,path_1_to_H,raw,34650,0.1145079263922766,0.06536141594411428
DEV_EVAL,PRODUCT_MIX,20260915,9,AVAILABLE,terminal_H,clip_0_1,3850,0.11033806685797277,0.07088452457660512
DEV_EVAL,PRODUCT_MIX,20260915,9,AVAILABLE,path_1_to_H,clip_0_1,34650,0.11447770613633931,0.06530697901346363
DEV_EVAL,PRODUCT_MIX,20260915,12,AVAILABLE,terminal_H,raw,3850,0.11531662294288762,0.07479730197717073
DEV_EVAL,PRODUCT_MIX,20260915,12,AVAILABLE,path_1_to_H,raw,46200,0.1145259197582,0.06755436373758536
DEV_EVAL,PRODUCT_MIX,20260915,12,AVAILABLE,terminal_H,clip_0_1,3850,0.11529783006683678,0.07476132399255682
DEV_EVAL,PRODUCT_MIX,20260915,12,AVAILABLE,path_1_to_H,clip_0_1,46200,0.11449700385601723,0.06750491720485043
DEV_EVAL,PRODUCT_MIX,20260916,3,AVAILABLE,terminal_H,raw,3850,0.10801094542689826,0.06154318732069454
DEV_EVAL,PRODUCT_MIX,20260916,3,AVAILABLE,path_1_to_H,raw,11550,0.10754434769340387,0.05717716274671258
DEV_EVAL,PRODUCT_MIX,20260916,3,AVAILABLE,terminal_H,clip_0_1,3850,0.10767560753659744,0.061364536344944355
DEV_EVAL,PRODUCT_MIX,20260916,3,AVAILABLE,path_1_to_H,clip_0_1,11550,0.10732700287076352,0.057001772903326975
DEV_EVAL,PRODUCT_MIX,20260916,6,AVAILABLE,terminal_H,raw,3850,0.11373297492907987,0.06763110243782305
DEV_EVAL,PRODUCT_MIX,20260916,6,AVAILABLE,path_1_to_H,raw,23100,0.11598327700497886,0.06383182766253588
DEV_EVAL,PRODUCT_MIX,20260916,6,AVAILABLE,terminal_H,clip_0_1,3850,0.11344964485512606,0.06729324777122045
DEV_EVAL,PRODUCT_MIX,20260916,6,AVAILABLE,path_1_to_H,clip_0_1,23100,0.1157187008182857,0.06357847567309297
DEV_EVAL,PRODUCT_MIX,20260916,9,AVAILABLE,terminal_H,raw,3850,0.10924951284381469,0.0706451929141941
DEV_EVAL,PRODUCT_MIX,20260916,9,AVAILABLE,path_1_to_H,raw,34650,0.11414801876170284,0.06531606744018707
DEV_EVAL,PRODUCT_MIX,20260916,9,AVAILABLE,terminal_H,clip_0_1,3850,0.10915286091542677,0.07053510646821884
DEV_EVAL,PRODUCT_MIX,20260916,9,AVAILABLE,path_1_to_H,clip_0_1,34650,0.11391444509505363,0.06509319294120776
DEV_EVAL,PRODUCT_MIX,20260916,12,AVAILABLE,terminal_H,raw,3850,0.11509256230627217,0.07549854714545297
DEV_EVAL,PRODUCT_MIX,20260916,12,AVAILABLE,path_1_to_H,raw,46200,0.11398972252506784,0.06744853088636416
DEV_EVAL,PRODUCT_MIX,20260916,12,AVAILABLE,terminal_H,clip_0_1,3850,0.1150860190336495,0.07546999375707357
DEV_EVAL,PRODUCT_MIX,20260916,12,AVAILABLE,path_1_to_H,clip_0_1,46200,0.11380653296362096,0.06726970555369882
DEV_EVAL,PRODUCT_MIX,20260917,3,AVAILABLE,terminal_H,raw,3850,0.10857265704448582,0.062151844791526
DEV_EVAL,PRODUCT_MIX,20260917,3,AVAILABLE,path_1_to_H,raw,11550,0.10792825457816575,0.05745135898111915
DEV_EVAL,PRODUCT_MIX,20260917,3,AVAILABLE,terminal_H,clip_0_1,3850,0.10855609716870905,0.06209840229250581
DEV_EVAL,PRODUCT_MIX,20260917,3,AVAILABLE,path_1_to_H,clip_0_1,11550,0.10791397392335772,0.0574020064338266
DEV_EVAL,PRODUCT_MIX,20260917,6,AVAILABLE,terminal_H,raw,3850,0.11339442670400385,0.06704474835934195
DEV_EVAL,PRODUCT_MIX,20260917,6,AVAILABLE,path_1_to_H,raw,23100,0.11602072571972842,0.0639057269860052
DEV_EVAL,PRODUCT_MIX,20260917,6,AVAILABLE,terminal_H,clip_0_1,3850,0.11336102966979777,0.06692794196936964
DEV_EVAL,PRODUCT_MIX,20260917,6,AVAILABLE,path_1_to_H,clip_0_1,23100,0.1159994116652478,0.06382214133584609
DEV_EVAL,PRODUCT_MIX,20260917,9,AVAILABLE,terminal_H,raw,3850,0.10934998214419173,0.07041729283338909
DEV_EVAL,PRODUCT_MIX,20260917,9,AVAILABLE,path_1_to_H,raw,34650,0.11429880820047492,0.06543808969264538
DEV_EVAL,PRODUCT_MIX,20260917,9,AVAILABLE,terminal_H,clip_0_1,3850,0.10932042315500994,0.07035024316212682
DEV_EVAL,PRODUCT_MIX,20260917,9,AVAILABLE,path_1_to_H,clip_0_1,34650,0.11427530910372492,0.0653555607288825
DEV_EVAL,PRODUCT_MIX,20260917,12,AVAILABLE,terminal_H,raw,3850,0.11493829480390906,0.07384351209290538
DEV_EVAL,PRODUCT_MIX,20260917,12,AVAILABLE,path_1_to_H,raw,46200,0.11414902974285245,0.0672850233558095
DEV_EVAL,PRODUCT_MIX,20260917,12,AVAILABLE,terminal_H,clip_0_1,3850,0.11491959959514216,0.073798417505168
DEV_EVAL,PRODUCT_MIX,20260917,12,AVAILABLE,path_1_to_H,clip_0_1,46200,0.11412472950784723,0.06721150660159603
DEV_EVAL,PRODUCT_L1,20260915,3,AVAILABLE,terminal_H,raw,3850,0.10869812687672668,0.0625718360608538
DEV_EVAL,PRODUCT_L1,20260915,3,AVAILABLE,path_1_to_H,raw,11550,0.1083726767116163,0.05813857900680188
DEV_EVAL,PRODUCT_L1,20260915,3,AVAILABLE,terminal_H,clip_0_1,3850,0.10869626477871758,0.06255582000391684
DEV_EVAL,PRODUCT_L1,20260915,3,AVAILABLE,path_1_to_H,clip_0_1,11550,0.10836828171532834,0.05811302985927203
DEV_EVAL,PRODUCT_L1,20260915,6,AVAILABLE,terminal_H,raw,3850,0.11209371803671993,0.06649671670527076
DEV_EVAL,PRODUCT_L1,20260915,6,AVAILABLE,path_1_to_H,raw,23100,0.1155880285351503,0.06400854742263869
DEV_EVAL,PRODUCT_L1,20260915,6,AVAILABLE,terminal_H,clip_0_1,3850,0.11208822467706005,0.06646816638514097
DEV_EVAL,PRODUCT_L1,20260915,6,AVAILABLE,path_1_to_H,clip_0_1,23100,0.11558406499322757,0.06398484408643837
DEV_EVAL,PRODUCT_L1,20260915,9,AVAILABLE,terminal_H,raw,3850,0.10875608441647576,0.07044039766131505
DEV_EVAL,PRODUCT_L1,20260915,9,AVAILABLE,path_1_to_H,raw,34650,0.1136294916669836,0.06541019524115822
DEV_EVAL,PRODUCT_L1,20260915,9,AVAILABLE,terminal_H,clip_0_1,3850,0.10875195318235148,0.0704250263321766
DEV_EVAL,PRODUCT_L1,20260915,9,AVAILABLE,path_1_to_H,clip_0_1,34650,0.11362540446251508,0.0653874546427582
DEV_EVAL,PRODUCT_L1,20260915,12,AVAILABLE,terminal_H,raw,3850,0.1145401362094218,0.07461593848769361
DEV_EVAL,PRODUCT_L1,20260915,12,AVAILABLE,path_1_to_H,raw,46200,0.11352372316069535,0.06741582595323357
DEV_EVAL,PRODUCT_L1,20260915,12,AVAILABLE,terminal_H,clip_0_1,3850,0.11452967962834772,0.07459294805109778
DEV_EVAL,PRODUCT_L1,20260915,12,AVAILABLE,path_1_to_H,clip_0_1,46200,0.11351647269635853,0.06739227882569143
DEV_EVAL,PRODUCT_L1,20260916,3,AVAILABLE,terminal_H,raw,3850,0.10866860089683418,0.06264397522809195
DEV_EVAL,PRODUCT_L1,20260916,3,AVAILABLE,path_1_to_H,raw,11550,0.10836088537899664,0.058163692968168895
DEV_EVAL,PRODUCT_L1,20260916,3,AVAILABLE,terminal_H,clip_0_1,3850,0.10866690222109422,0.06262962079984082
DEV_EVAL,PRODUCT_L1,20260916,3,AVAILABLE,path_1_to_H,clip_0_1,11550,0.1083565421468507,0.05813875404599552
DEV_EVAL,PRODUCT_L1,20260916,6,AVAILABLE,terminal_H,raw,3850,0.11204714128968661,0.067018751297176
DEV_EVAL,PRODUCT_L1,20260916,6,AVAILABLE,path_1_to_H,raw,23100,0.11551178336250746,0.06421349448227702
DEV_EVAL,PRODUCT_L1,20260916,6,AVAILABLE,terminal_H,clip_0_1,3850,0.1120455099114674,0.06700553789089529
DEV_EVAL,PRODUCT_L1,20260916,6,AVAILABLE,path_1_to_H,clip_0_1,23100,0.11550940512923384,0.06419679614428031
DEV_EVAL,PRODUCT_L1,20260916,9,AVAILABLE,terminal_H,raw,3850,0.10933878171388435,0.071128863055645
DEV_EVAL,PRODUCT_L1,20260916,9,AVAILABLE,path_1_to_H,raw,34650,0.1136719316709866,0.06576909141956198
DEV_EVAL,PRODUCT_L1,20260916,9,AVAILABLE,terminal_H,clip_0_1,3850,0.10933209394690292,0.07111342609797393
DEV_EVAL,PRODUCT_L1,20260916,9,AVAILABLE,path_1_to_H,clip_0_1,34650,0.11366941554434161,0.06575434169796687
DEV_EVAL,PRODUCT_L1,20260916,12,AVAILABLE,terminal_H,raw,3850,0.1149626637894871,0.07491830487010286
DEV_EVAL,PRODUCT_L1,20260916,12,AVAILABLE,path_1_to_H,raw,46200,0.11371505056393706,0.067763664288864
DEV_EVAL,PRODUCT_L1,20260916,12,AVAILABLE,terminal_H,clip_0_1,3850,0.11495783632697337,0.07490538571879761
DEV_EVAL,PRODUCT_L1,20260916,12,AVAILABLE,path_1_to_H,clip_0_1,46200,0.11371168924208094,0.06774941995321021
DEV_EVAL,PRODUCT_L1,20260917,3,AVAILABLE,terminal_H,raw,3850,0.10886806677743449,0.06269824590698579
DEV_EVAL,PRODUCT_L1,20260917,3,AVAILABLE,path_1_to_H,raw,11550,0.10844419393142521,0.05819889020140108
DEV_EVAL,PRODUCT_L1,20260917,3,AVAILABLE,terminal_H,clip_0_1,3850,0.1088645408110231,0.06267972716763079
DEV_EVAL,PRODUCT_L1,20260917,3,AVAILABLE,path_1_to_H,clip_0_1,11550,0.10843914845692271,0.058172571942191886
DEV_EVAL,PRODUCT_L1,20260917,6,AVAILABLE,terminal_H,raw,3850,0.11329278931687335,0.0671047112670067
DEV_EVAL,PRODUCT_L1,20260917,6,AVAILABLE,path_1_to_H,raw,23100,0.11606155143584243,0.06430542643469091
DEV_EVAL,PRODUCT_L1,20260917,6,AVAILABLE,terminal_H,clip_0_1,3850,0.11328586912536004,0.06707572514317472
DEV_EVAL,PRODUCT_L1,20260917,6,AVAILABLE,path_1_to_H,clip_0_1,23100,0.11605704823159403,0.0642808208539502
DEV_EVAL,PRODUCT_L1,20260917,9,AVAILABLE,terminal_H,raw,3850,0.10985947071799256,0.07108433489473592
DEV_EVAL,PRODUCT_L1,20260917,9,AVAILABLE,path_1_to_H,raw,34650,0.11438308611492193,0.06585927295843598
DEV_EVAL,PRODUCT_L1,20260917,9,AVAILABLE,terminal_H,clip_0_1,3850,0.10985357293195688,0.07106958536723065
DEV_EVAL,PRODUCT_L1,20260917,9,AVAILABLE,path_1_to_H,clip_0_1,34650,0.11437698891197845,0.06583412679864306
DEV_EVAL,PRODUCT_L1,20260917,12,AVAILABLE,terminal_H,raw,3850,0.1151652872325798,0.07479024417926444
DEV_EVAL,PRODUCT_L1,20260917,12,AVAILABLE,path_1_to_H,raw,46200,0.11431582765160052,0.06780825087620355
DEV_EVAL,PRODUCT_L1,20260917,12,AVAILABLE,terminal_H,clip_0_1,3850,0.11515726966695519,0.07476926546781161
DEV_EVAL,PRODUCT_L1,20260917,12,AVAILABLE,path_1_to_H,clip_0_1,46200,0.11430821743659288,0.06778411138315325
DEV_EVAL,CONCAT_MSE,20260915,3,AVAILABLE,terminal_H,raw,3850,0.1096492686652364,0.06274379920757887
DEV_EVAL,CONCAT_MSE,20260915,3,AVAILABLE,path_1_to_H,raw,11550,0.10890648524843463,0.05838932397347974
DEV_EVAL,CONCAT_MSE,20260915,3,AVAILABLE,terminal_H,clip_0_1,3850,0.10964612326259651,0.06271313242221846
DEV_EVAL,CONCAT_MSE,20260915,3,AVAILABLE,path_1_to_H,clip_0_1,11550,0.10890127219934567,0.05834963681641888
DEV_EVAL,CONCAT_MSE,20260915,6,AVAILABLE,terminal_H,raw,3850,0.11361147753213156,0.06730219644869241
DEV_EVAL,CONCAT_MSE,20260915,6,AVAILABLE,path_1_to_H,raw,23100,0.11652861757882622,0.06442591801083922
DEV_EVAL,CONCAT_MSE,20260915,6,AVAILABLE,terminal_H,clip_0_1,3850,0.1136064530414235,0.06727027062548964
DEV_EVAL,CONCAT_MSE,20260915,6,AVAILABLE,path_1_to_H,clip_0_1,23100,0.11652363044623083,0.06438977745980753
DEV_EVAL,CONCAT_MSE,20260915,9,AVAILABLE,terminal_H,raw,3850,0.10935338998840706,0.07034084914648539
DEV_EVAL,CONCAT_MSE,20260915,9,AVAILABLE,path_1_to_H,raw,34650,0.11468921725332852,0.06597621719318623
DEV_EVAL,CONCAT_MSE,20260915,9,AVAILABLE,terminal_H,clip_0_1,3850,0.10935201006654735,0.07032640281161298
DEV_EVAL,CONCAT_MSE,20260915,9,AVAILABLE,path_1_to_H,clip_0_1,34650,0.11468512882852026,0.0659451783968826
DEV_EVAL,CONCAT_MSE,20260915,12,AVAILABLE,terminal_H,raw,3850,0.11464630286139194,0.07437690338433876
DEV_EVAL,CONCAT_MSE,20260915,12,AVAILABLE,path_1_to_H,raw,46200,0.11435244630684355,0.06765081537997461
DEV_EVAL,CONCAT_MSE,20260915,12,AVAILABLE,terminal_H,clip_0_1,3850,0.11464366521931267,0.07436440488685532
DEV_EVAL,CONCAT_MSE,20260915,12,AVAILABLE,path_1_to_H,clip_0_1,46200,0.11434865922269569,0.06762454494762937
DEV_EVAL,CONCAT_MSE,20260916,3,AVAILABLE,terminal_H,raw,3850,0.11049169173988796,0.06406831154291015
DEV_EVAL,CONCAT_MSE,20260916,3,AVAILABLE,path_1_to_H,raw,11550,0.10914364209835539,0.05887598957856395
DEV_EVAL,CONCAT_MSE,20260916,3,AVAILABLE,terminal_H,clip_0_1,3850,0.11047519000804941,0.06403052248071392
DEV_EVAL,CONCAT_MSE,20260916,3,AVAILABLE,path_1_to_H,clip_0_1,11550,0.10912123790142421,0.0588185287624294
DEV_EVAL,CONCAT_MSE,20260916,6,AVAILABLE,terminal_H,raw,3850,0.11680770111225465,0.07052486895389165
DEV_EVAL,CONCAT_MSE,20260916,6,AVAILABLE,path_1_to_H,raw,23100,0.11762256329529212,0.06594183502496581
DEV_EVAL,CONCAT_MSE,20260916,6,AVAILABLE,terminal_H,clip_0_1,3850,0.11677075737825829,0.07046666949171096
DEV_EVAL,CONCAT_MSE,20260916,6,AVAILABLE,path_1_to_H,clip_0_1,23100,0.11760057259680523,0.06588821010451211
DEV_EVAL,CONCAT_MSE,20260916,9,AVAILABLE,terminal_H,raw,3850,0.11355247464165978,0.07401480747476097
DEV_EVAL,CONCAT_MSE,20260916,9,AVAILABLE,path_1_to_H,raw,34650,0.1166924923662601,0.06799351136351472
DEV_EVAL,CONCAT_MSE,20260916,9,AVAILABLE,terminal_H,clip_0_1,3850,0.11353440916402129,0.07397773532859919
DEV_EVAL,CONCAT_MSE,20260916,9,AVAILABLE,path_1_to_H,clip_0_1,34650,0.1166740186218348,0.06794611423073776
DEV_EVAL,CONCAT_MSE,20260916,12,AVAILABLE,terminal_H,raw,3850,0.11844603736547334,0.07769383971598862
DEV_EVAL,CONCAT_MSE,20260916,12,AVAILABLE,path_1_to_H,raw,46200,0.11686355431285385,0.0701231702445356
DEV_EVAL,CONCAT_MSE,20260916,12,AVAILABLE,terminal_H,clip_0_1,3850,0.11843407781774257,0.07766763010483957
DEV_EVAL,CONCAT_MSE,20260916,12,AVAILABLE,path_1_to_H,clip_0_1,46200,0.11684550359509016,0.07008050512494056
DEV_EVAL,CONCAT_MSE,20260917,3,AVAILABLE,terminal_H,raw,3850,0.10863016018898271,0.06250441463941261
DEV_EVAL,CONCAT_MSE,20260917,3,AVAILABLE,path_1_to_H,raw,11550,0.10805225789542468,0.05811504481600904
DEV_EVAL,CONCAT_MSE,20260917,3,AVAILABLE,terminal_H,clip_0_1,3850,0.1086121488396484,0.0624713663146866
DEV_EVAL,CONCAT_MSE,20260917,3,AVAILABLE,path_1_to_H,clip_0_1,11550,0.10803488471954009,0.058075834889849284
DEV_EVAL,CONCAT_MSE,20260917,6,AVAILABLE,terminal_H,raw,3850,0.11227631765754906,0.06749617359963968
DEV_EVAL,CONCAT_MSE,20260917,6,AVAILABLE,path_1_to_H,raw,23100,0.1152543315794531,0.06431341846906001
DEV_EVAL,CONCAT_MSE,20260917,6,AVAILABLE,terminal_H,clip_0_1,3850,0.11226532137677019,0.06746221687246944
DEV_EVAL,CONCAT_MSE,20260917,6,AVAILABLE,path_1_to_H,clip_0_1,23100,0.11523934707315975,0.06427449321899747
DEV_EVAL,CONCAT_MSE,20260917,9,AVAILABLE,terminal_H,raw,3850,0.10816117676090037,0.07022159809490262
DEV_EVAL,CONCAT_MSE,20260917,9,AVAILABLE,path_1_to_H,raw,34650,0.11337872580704332,0.06577763549701261
DEV_EVAL,CONCAT_MSE,20260917,9,AVAILABLE,terminal_H,clip_0_1,3850,0.10816112181842677,0.0702194332659677
DEV_EVAL,CONCAT_MSE,20260917,9,AVAILABLE,path_1_to_H,clip_0_1,34650,0.11336763185978063,0.06574799328639615
DEV_EVAL,CONCAT_MSE,20260917,12,AVAILABLE,terminal_H,raw,3850,0.1147132321039354,0.0755864701641114
DEV_EVAL,CONCAT_MSE,20260917,12,AVAILABLE,path_1_to_H,raw,46200,0.11337891547580142,0.06785082129861796
DEV_EVAL,CONCAT_MSE,20260917,12,AVAILABLE,terminal_H,clip_0_1,3850,0.11471107021359069,0.07557979861272239
DEV_EVAL,CONCAT_MSE,20260917,12,AVAILABLE,path_1_to_H,clip_0_1,46200,0.11337017546395792,0.06782742246813213
DEV_EVAL,CONCAT_POSREG,20260915,3,AVAILABLE,terminal_H,raw,3850,0.1090235640524678,0.0623603828030847
DEV_EVAL,CONCAT_POSREG,20260915,3,AVAILABLE,path_1_to_H,raw,11550,0.10848775194666861,0.05791692282425999
DEV_EVAL,CONCAT_POSREG,20260915,3,AVAILABLE,terminal_H,clip_0_1,3850,0.10898604112880693,0.06232785835094221
DEV_EVAL,CONCAT_POSREG,20260915,3,AVAILABLE,path_1_to_H,clip_0_1,11550,0.108469243408194,0.057882973231457864
DEV_EVAL,CONCAT_POSREG,20260915,6,AVAILABLE,terminal_H,raw,3850,0.11429959388672696,0.06769369742907057
DEV_EVAL,CONCAT_POSREG,20260915,6,AVAILABLE,path_1_to_H,raw,23100,0.1163521325132561,0.06415130387015588
DEV_EVAL,CONCAT_POSREG,20260915,6,AVAILABLE,terminal_H,clip_0_1,3850,0.11371660751491885,0.06752998212745841
DEV_EVAL,CONCAT_POSREG,20260915,6,AVAILABLE,path_1_to_H,clip_0_1,23100,0.11611011835246039,0.06406778605302922
DEV_EVAL,CONCAT_POSREG,20260915,9,AVAILABLE,terminal_H,raw,3850,0.11083449922970323,0.0715794598254471
DEV_EVAL,CONCAT_POSREG,20260915,9,AVAILABLE,path_1_to_H,raw,34650,0.11496688825926563,0.06592555436994706
DEV_EVAL,CONCAT_POSREG,20260915,9,AVAILABLE,terminal_H,clip_0_1,3850,0.11068138206333716,0.07152609818125175
DEV_EVAL,CONCAT_POSREG,20260915,9,AVAILABLE,path_1_to_H,clip_0_1,34650,0.11469162599963154,0.0658386005834602
DEV_EVAL,CONCAT_POSREG,20260915,12,AVAILABLE,terminal_H,raw,3850,0.1157960864170727,0.0755644060552011
DEV_EVAL,CONCAT_POSREG,20260915,12,AVAILABLE,path_1_to_H,raw,46200,0.1148721081814285,0.06795359771669857
DEV_EVAL,CONCAT_POSREG,20260915,12,AVAILABLE,terminal_H,clip_0_1,3850,0.11578903287569377,0.07554565646526976
DEV_EVAL,CONCAT_POSREG,20260915,12,AVAILABLE,path_1_to_H,clip_0_1,46200,0.11465840455799922,0.06788175615346771
DEV_EVAL,CONCAT_POSREG,20260916,3,AVAILABLE,terminal_H,raw,3850,0.10939373677785758,0.06307590465358244
DEV_EVAL,CONCAT_POSREG,20260916,3,AVAILABLE,path_1_to_H,raw,11550,0.10858551699181306,0.058273558914933486
DEV_EVAL,CONCAT_POSREG,20260916,3,AVAILABLE,terminal_H,clip_0_1,3850,0.10935097284723878,0.06303753159635202
DEV_EVAL,CONCAT_POSREG,20260916,3,AVAILABLE,path_1_to_H,clip_0_1,11550,0.10856312302544813,0.05823622459717076
DEV_EVAL,CONCAT_POSREG,20260916,6,AVAILABLE,terminal_H,raw,3850,0.1149595207283871,0.06892053677620412
DEV_EVAL,CONCAT_POSREG,20260916,6,AVAILABLE,path_1_to_H,raw,23100,0.11660282252481478,0.06486834754158054
DEV_EVAL,CONCAT_POSREG,20260916,6,AVAILABLE,terminal_H,clip_0_1,3850,0.11488142724743233,0.06887447503631586
DEV_EVAL,CONCAT_POSREG,20260916,6,AVAILABLE,path_1_to_H,clip_0_1,23100,0.11655064579418264,0.0648261943004531
DEV_EVAL,CONCAT_POSREG,20260916,9,AVAILABLE,terminal_H,raw,3850,0.11073887997347126,0.07210349535500132
DEV_EVAL,CONCAT_POSREG,20260916,9,AVAILABLE,path_1_to_H,raw,34650,0.11515805991791421,0.06670894252874007
DEV_EVAL,CONCAT_POSREG,20260916,9,AVAILABLE,terminal_H,clip_0_1,3850,0.11073742483052595,0.07208984836135694
DEV_EVAL,CONCAT_POSREG,20260916,9,AVAILABLE,path_1_to_H,clip_0_1,34650,0.1151193521127346,0.06667527470515351
DEV_EVAL,CONCAT_POSREG,20260916,12,AVAILABLE,terminal_H,raw,3850,0.1160745916551589,0.07619905186078359
DEV_EVAL,CONCAT_POSREG,20260916,12,AVAILABLE,path_1_to_H,raw,46200,0.11510733173459292,0.06873385667596545
DEV_EVAL,CONCAT_POSREG,20260916,12,AVAILABLE,terminal_H,clip_0_1,3850,0.1160697065351613,0.0761850735358405
DEV_EVAL,CONCAT_POSREG,20260916,12,AVAILABLE,path_1_to_H,clip_0_1,46200,0.11507594246777217,0.06870381683400649
DEV_EVAL,CONCAT_POSREG,20260917,3,AVAILABLE,terminal_H,raw,3850,0.10872015968986898,0.06249491149583294
DEV_EVAL,CONCAT_POSREG,20260917,3,AVAILABLE,path_1_to_H,raw,11550,0.10830146476092777,0.05802648392335544
DEV_EVAL,CONCAT_POSREG,20260917,3,AVAILABLE,terminal_H,clip_0_1,3850,0.10871655972401914,0.0624728019422386
DEV_EVAL,CONCAT_POSREG,20260917,3,AVAILABLE,path_1_to_H,clip_0_1,11550,0.10829507969242921,0.05799666245476934
DEV_EVAL,CONCAT_POSREG,20260917,6,AVAILABLE,terminal_H,raw,3850,0.1129028339149596,0.06711825698002405
DEV_EVAL,CONCAT_POSREG,20260917,6,AVAILABLE,path_1_to_H,raw,23100,0.11564305325863733,0.06403314714810762
DEV_EVAL,CONCAT_POSREG,20260917,6,AVAILABLE,terminal_H,clip_0_1,3850,0.11290093679507242,0.06710027868157695
DEV_EVAL,CONCAT_POSREG,20260917,6,AVAILABLE,path_1_to_H,clip_0_1,23100,0.11563839528768063,0.06400821041297627
DEV_EVAL,CONCAT_POSREG,20260917,9,AVAILABLE,terminal_H,raw,3850,0.1073649549675312,0.06934214129411692
DEV_EVAL,CONCAT_POSREG,20260917,9,AVAILABLE,path_1_to_H,raw,34650,0.11355636535706162,0.06531067834165522
DEV_EVAL,CONCAT_POSREG,20260917,9,AVAILABLE,terminal_H,clip_0_1,3850,0.10736218009603689,0.06932704673175186
DEV_EVAL,CONCAT_POSREG,20260917,9,AVAILABLE,path_1_to_H,clip_0_1,34650,0.11355249733802007,0.06528866263623213
DEV_EVAL,CONCAT_POSREG,20260917,12,AVAILABLE,terminal_H,raw,3850,0.11283805271131103,0.07381318150862035
DEV_EVAL,CONCAT_POSREG,20260917,12,AVAILABLE,path_1_to_H,raw,46200,0.11307422809566794,0.06705218462599015
DEV_EVAL,CONCAT_POSREG,20260917,12,AVAILABLE,terminal_H,clip_0_1,3850,0.11283328338624865,0.07379599160350063
DEV_EVAL,CONCAT_POSREG,20260917,12,AVAILABLE,path_1_to_H,clip_0_1,46200,0.11306953835025692,0.06703094656100836
DEV_EVAL,NATIVE,cached,3,AVAILABLE,terminal_H,raw,3850,0.10810513789861254,0.0541634501208582
DEV_EVAL,NATIVE,cached,3,AVAILABLE,path_1_to_H,raw,11550,0.10785652026129472,0.05142333254606192
DEV_EVAL,NATIVE,cached,3,AVAILABLE,terminal_H,clip_0_1,3850,0.10809850828918682,0.054069191283582674
DEV_EVAL,NATIVE,cached,3,AVAILABLE,path_1_to_H,clip_0_1,11550,0.10784551376242232,0.05132710722814822
DEV_EVAL,NATIVE,cached,12,AVAILABLE,terminal_H,raw,3850,0.11527541180984963,0.06651178743025482
DEV_EVAL,NATIVE,cached,12,AVAILABLE,path_1_to_H,raw,46200,0.11394747712176027,0.05928244603855079
DEV_EVAL,NATIVE,cached,12,AVAILABLE,terminal_H,clip_0_1,3850,0.11527517909786224,0.06650954440317733
DEV_EVAL,NATIVE,cached,12,AVAILABLE,path_1_to_H,clip_0_1,46200,0.11394193518666669,0.05922485594192819
DEV_EVAL,NATIVE,cached,6,NOT_AVAILABLE,terminal_H,raw,0,,
DEV_EVAL,NATIVE,cached,6,NOT_AVAILABLE,path_1_to_H,raw,0,,
DEV_EVAL,NATIVE,cached,6,NOT_AVAILABLE,terminal_H,clip_0_1,0,,
DEV_EVAL,NATIVE,cached,6,NOT_AVAILABLE,path_1_to_H,clip_0_1,0,,
DEV_EVAL,NATIVE,cached,9,NOT_AVAILABLE,terminal_H,raw,0,,
DEV_EVAL,NATIVE,cached,9,NOT_AVAILABLE,path_1_to_H,raw,0,,
DEV_EVAL,NATIVE,cached,9,NOT_AVAILABLE,terminal_H,clip_0_1,0,,
DEV_EVAL,NATIVE,cached,9,NOT_AVAILABLE,path_1_to_H,clip_0_1,0,,
