phase,dataset,series,scope,mask,origin_start,time_start,quarter,cluster,K,L,model_A,model_B,N,support_records,missing_records,ambiguous_windows,independent_lower,independent_upper,pairwise_lower,pairwise_upper,joint_lower,joint_upper,joint_enclosure_lower,joint_enclosure_upper,numeric_method,Gamma_minus,Gamma_plus,W_ind,ambiguous_weight,lower_zero_margin,upper_zero_margin,mixed_components,implications,lp_variables,lp_constraints,pair_preprocess_seconds,pair_solve_seconds,pair_status,joint_seconds,independent_direction,pairwise_direction,joint_direction,independent_undirected,pairwise_new,joint_new,higher_order_new,category,truth_delta,truth_contained,locf_delta,locf_wrong,identified_delta,identified_wrong
AP2,beijing,Aotizhongxin,origin_week,natural,18360,2015-04-05 00:00:00,2015Q2,beijing_2015-04-05T00:00:00,24,3,logistic,hist_gradient_boosting,168,191,3,21,-0.0262436630245636,0.0050903842527779,-0.0262436630245836,0.0050903842527979,-0.0262436630245635,0.0050903842527779,-0.0262436630249228,0.0050903842531372,FLOAT_OUTWARD,1.7486012637846217e-15,2.6229018956769323e-15,0.0313340472773415,0.0313340472773415,0.0262436630245636,0.0050903842527779,0,420,41,134,0.000731099999939,4.350000017439015e-05,ANALYTIC,0.0002039000000877,OPPOSITE_POSSIBLE,OPPOSITE_POSSIBLE,OPPOSITE_POSSIBLE,True,False,False,False,JOINT_OPPOSITE_POSSIBLE,,,,,,
AP2,beijing,Aotizhongxin,origin_week,natural,18360,2015-04-05 00:00:00,2015Q2,beijing_2015-04-05T00:00:00,72,3,constant,hist_gradient_boosting,168,239,4,3,-0.0019902529977778,0.0001866747848086,-0.0019902529977978,0.0001866747848286,-0.0019902529977778,0.0001866747848086,-0.0019902529982223,0.0001866747852531,FLOAT_OUTWARD,3.570060913560269e-15,0.0,0.0021769277825864,0.0021769277825864,0.0019902529977778,0.0001866747848086,0,6,5,9,0.0003776000003199,2.9400000130408444e-05,ANALYTIC,0.0002163999997719,OPPOSITE_POSSIBLE,OPPOSITE_POSSIBLE,OPPOSITE_POSSIBLE,True,False,False,False,JOINT_OPPOSITE_POSSIBLE,,,,,,
AP2,beijing,Aotizhongxin,origin_week,natural,19872,2015-06-07 00:00:00,2015Q2,beijing_2015-06-07T00:00:00,72,3,constant,logistic,168,239,28,31,-0.0130415206227434,6.014932588820672e-05,-0.0103163960021736,-0.0026649752946815,-0.0103163960021537,-0.0026649752947015,-0.0103163960025982,-0.0026649752942569,FLOAT_OUTWARD,0.457820936259078,0.4578209362590768,0.0131016699486316,0.0131016699486316,0.0130415206227434,6.014932588820672e-05,1,696,61,227,0.0007240000004458,0.0087255999997069,OPTIMAL_DUAL_OUTWARD,0.0002478999995219,OPPOSITE_POSSIBLE,A,A,True,True,True,False,JOINT_NEW_STRICT,,,,,,
AP2,beijing,Changping,origin_week,natural,22728,2015-10-04 00:00:00,2015Q4,beijing_2015-10-04T00:00:00,72,3,constant,logistic,168,239,153,151,-0.1389678155756093,-0.0096053460466517,-0.1389678155756293,-0.0096053460466317,-0.1389678155756093,-0.0096053460466517,-0.1389678155760539,-0.0096053460462071,FLOAT_OUTWARD,0.0,3.497202527569243e-15,0.1293624695289576,0.1293624695289576,0.1389678155756093,-0.0096053460466517,0,2415,139,365,0.0007906999999249,5.450000026030466e-05,ANALYTIC,0.0003614999995988,A,A,A,False,False,False,False,INDEPENDENT_ALREADY_DIRECTED,,,,,,
AP2,beijing,Changping,origin_week,natural,22728,2015-10-04 00:00:00,2015Q4,beijing_2015-10-04T00:00:00,72,3,constant,hist_gradient_boosting,168,239,153,151,-0.0452950194180562,0.0017365406379246,-0.0449371883559173,0.0017365406379446,-0.0381157675990102,-0.0005900870994381,-0.0381157675994548,-0.0005900870989935,FLOAT_OUTWARD,1.2061143055997294,0.3908734598769551,0.0470315600559809,0.0470315600559809,0.0452950194180562,0.0017365406379246,1,2415,139,365,0.0007906999999249,0.0095271999998658,OPTIMAL_DUAL_OUTWARD,0.0002676000003702,OPPOSITE_POSSIBLE,OPPOSITE_POSSIBLE,A,True,False,True,True,JOINT_NEW_STRICT,,,,,,
AP2,beijing,Changping,origin_week,natural,22728,2015-10-04 00:00:00,2015Q4,beijing_2015-10-04T00:00:00,72,3,logistic,hist_gradient_boosting,168,239,153,151,0.0041626348655303,0.100852047976599,0.0041626348655103,0.100852047976619,0.0041626348655303,0.100852047976599,0.0041626348650857,0.1008520479770436,FLOAT_OUTWARD,0.0,0.0,0.0966894131110687,0.0966894131110687,-0.0041626348655303,0.100852047976599,0,2415,139,365,0.0007906999999249,2.989999939018162e-05,ANALYTIC,0.0003329000001031,B,B,B,False,False,False,False,INDEPENDENT_ALREADY_DIRECTED,,,,,,
AP2,beijing,Dingling,origin_week,natural,25080,2016-01-10 00:00:00,2016Q1,beijing_2016-01-10T00:00:00,72,3,logistic,hist_gradient_boosting,168,239,8,39,-0.0115087809896698,0.0276499620898979,0.0012200779662483,0.0114605793070189,0.0012200779662683,0.011460579306999,0.0012200779658238,0.0114605793074435,FLOAT_OUTWARD,2.138448304597619,2.719816307527021,0.0391587430795677,0.0391587430795677,0.0115087809896698,0.0276499620898979,1,1371,77,331,0.0011047000007238,0.0137610000001586,OPTIMAL_DUAL_OUTWARD,0.0003002999992531,OPPOSITE_POSSIBLE,B,B,True,True,True,False,JOINT_NEW_STRICT,,,,,,
AP2,beijing,Dingling,origin_week,natural,25752,2016-02-07 00:00:00,2016Q1,beijing_2016-02-07T00:00:00,72,3,constant,hist_gradient_boosting,168,239,4,10,-0.0005497552357587,0.0051760403635234,0.0022581853682647,0.0023680997595,0.0022581853682846,0.00236809975948,0.0022581853678401,0.0023680997599245,FLOAT_OUTWARD,0.4717340214792966,0.4717340214792985,0.0057257955992822,0.0057257955992822,0.0005497552357587,0.0051760403635234,1,90,19,52,0.0005842999999003,0.0074265000002924,OPTIMAL_DUAL_OUTWARD,0.0003121999998256,OPPOSITE_POSSIBLE,B,B,True,True,True,False,JOINT_NEW_STRICT,,,,,,
AP2,beijing,Dongsi,origin_week,natural,23736,2015-11-15 00:00:00,2015Q4,beijing_2015-11-15T00:00:00,24,3,constant,logistic,168,191,1,22,-0.0010635072614707,0.0159762855158783,0.0032574862715327,0.0116552919828747,0.0032574862715527,0.0116552919828548,0.0032574862711934,0.011655291983214,FLOAT_OUTWARD,0.7259269135479522,0.7259269135479534,0.017039792777349,0.017039792777349,0.0010635072614707,0.0159762855158783,1,462,43,142,0.0005533000003197,0.0063860000000204,OPTIMAL_DUAL_OUTWARD,0.00017729999945,OPPOSITE_POSSIBLE,B,B,True,True,True,False,JOINT_NEW_STRICT,,,,,,
AP2,beijing,Dongsi,origin_week,natural,18192,2015-03-29 00:00:00,2015Q1,beijing_2015-03-29T00:00:00,72,3,constant,hist_gradient_boosting,168,239,8,5,-0.0026732975112668,0.0001382654273975,-0.002107042896523,-0.0003254556339883,-0.002107042896503,-0.0003254556340083,-0.0021070428969475,-0.0003254556335638,FLOAT_OUTWARD,0.0951307752803334,0.0779051383161926,0.0028115629386644,0.0028115629386644,0.0026732975112668,0.0001382654273975,1,16,9,21,0.0002792000004774,0.0039130999994085,OPTIMAL_DUAL_OUTWARD,0.0001895000004878,OPPOSITE_POSSIBLE,A,A,True,True,True,False,JOINT_NEW_STRICT,,,,,,
AP2,beijing,Guanyuan,origin_week,natural,18360,2015-04-05 00:00:00,2015Q2,beijing_2015-04-05T00:00:00,24,3,logistic,hist_gradient_boosting,168,191,3,22,-0.0035368795301544,0.0120644699229731,0.0032267579694683,0.0053008324233503,0.0032267579694883,0.0053008324233303,0.003226757969129,0.0053008324236896,FLOAT_OUTWARD,1.1362910999399904,1.1362910999399878,0.0156013494531276,0.0156013494531276,0.0035368795301544,0.0120644699229731,1,462,43,142,0.0004650000000765,0.0062376999994739,OPTIMAL_DUAL_OUTWARD,0.0001320000001214,OPPOSITE_POSSIBLE,B,B,True,True,True,False,JOINT_NEW_STRICT,,,,,,
AP2,beijing,Gucheng,origin_week,natural,21720,2015-08-23 00:00:00,2015Q3,beijing_2015-08-23T00:00:00,72,3,logistic,hist_gradient_boosting,168,239,3,70,-0.0399988439103619,0.0139399374705249,-0.0201308568753752,-0.0059280495644618,-0.0201308568753552,-0.0059280495644818,-0.0201308568757997,-0.0059280495640372,FLOAT_OUTWARD,3.3378218218811284,3.3378218218811284,0.0539387813808868,0.0539387813808868,0.0399988439103619,0.0139399374705249,1,4830,139,570,0.0007112000002962,0.0092702000001736,OPTIMAL_DUAL_OUTWARD,0.0002653000001373,OPPOSITE_POSSIBLE,A,A,True,True,True,False,JOINT_NEW_STRICT,,,,,,
AP2,beijing,Huairou,origin_week,natural,22728,2015-10-04 00:00:00,2015Q4,beijing_2015-10-04T00:00:00,24,3,logistic,hist_gradient_boosting,168,191,15,15,-0.0259791798237003,0.0011411916625667,-0.0245069196685807,-0.0014014912196895,-0.0245069196685607,-0.0014014912197095,-0.02450691966892,-0.0014014912193502,FLOAT_OUTWARD,0.2473397060634607,0.4271707242224307,0.0271203714862671,0.0271203714862671,0.0259791798237003,0.0011411916625667,1,160,29,86,0.0003077999999732,0.00652749999972,OPTIMAL_DUAL_OUTWARD,0.0002202000005127,OPPOSITE_POSSIBLE,A,A,True,True,True,False,JOINT_NEW_STRICT,,,,,,
AP2,beijing,Nongzhanguan,origin_week,natural,22728,2015-10-04 00:00:00,2015Q4,beijing_2015-10-04T00:00:00,72,3,logistic,hist_gradient_boosting,168,239,60,68,-0.0012874470102436,0.028711623169436,0.0021309760116763,0.0280688064742088,0.0021309760116963,0.0280688064741888,0.0021309760112517,0.0280688064746334,FLOAT_OUTWARD,0.5742950676859158,0.1079932048015262,0.0299990701796796,0.0299990701796796,0.0012874470102436,0.028711623169436,1,2383,135,401,0.0005393999999796,0.0069742999994559,OPTIMAL_DUAL_OUTWARD,0.0001700999991953,OPPOSITE_POSSIBLE,B,B,True,True,True,False,JOINT_NEW_STRICT,,,,,,
AP2,beijing,Shunyi,origin_week,natural,20040,2015-06-14 00:00:00,2015Q2,beijing_2015-06-14T00:00:00,24,3,logistic,hist_gradient_boosting,168,191,4,8,-0.0038038590076949,0.001740500852623,-0.0020416612231082,-2.169693196367768e-05,-0.0020416612230882,-2.1696931983664465e-05,-0.0020416612234474,-2.169693162438031e-05,FLOAT_OUTWARD,0.2960492278139366,0.2960492278139348,0.005544359860318,0.005544359860318,0.0038038590076949,0.001740500852623,1,56,15,38,0.0004037999997308,0.0054737000000386,OPTIMAL_DUAL_OUTWARD,0.0002101000000038,OPPOSITE_POSSIBLE,A,A,True,True,True,False,JOINT_NEW_STRICT,,,,,,
AP2,beijing,Tiantan,origin_week,natural,20712,2015-07-12 00:00:00,2015Q3,beijing_2015-07-12T00:00:00,72,3,constant,hist_gradient_boosting,168,239,4,49,-0.0059762009677276,0.0121736982346127,0.0013816367458437,0.0048158605210413,0.0013816367458637,0.0048158605210213,0.0013816367454191,0.0048158605214658,FLOAT_OUTWARD,1.2361167358833545,1.236116735883355,0.0181498992023403,0.0181498992023403,0.0059762009677276,0.0121736982346127,1,2352,97,375,0.0007153999995352,0.0075346000003264,OPTIMAL_DUAL_OUTWARD,0.0001501000006101,OPPOSITE_POSSIBLE,B,B,True,True,True,False,JOINT_NEW_STRICT,,,,,,
AP2,beijing,Wanliu,origin_week,natural,25584,2016-01-31 00:00:00,2016Q1,beijing_2016-01-31T00:00:00,72,3,constant,hist_gradient_boosting,168,239,5,70,-0.0090059438189749,0.0557739830653911,0.0015896046470677,0.0451784345993484,0.0015896046470877,0.0451784345993284,0.0015896046466431,0.0451784345997729,FLOAT_OUTWARD,1.780052142298526,1.7800521422985276,0.064779926884366,0.064779926884366,0.0090059438189749,0.0557739830653911,1,4830,139,570,0.0008602999996583,0.0115359000001262,OPTIMAL_DUAL_OUTWARD,0.0003980999999839,OPPOSITE_POSSIBLE,B,B,True,True,True,False,JOINT_NEW_STRICT,,,,,,
AP2,beijing,Wanliu,origin_week,natural,25584,2016-01-31 00:00:00,2016Q1,beijing_2016-01-31T00:00:00,72,3,logistic,hist_gradient_boosting,168,239,5,70,-0.0046104679051365,0.0449894385655514,0.0036072147804749,0.0367717558799398,0.003607214780495,0.0367717558799199,0.0036072147800505,0.0367717558803645,FLOAT_OUTWARD,1.3805706911861044,1.380570691186087,0.0495999064706879,0.0495999064706878,0.0046104679051365,0.0449894385655514,1,4830,139,570,0.0008602999996583,0.0102538000001004,OPTIMAL_DUAL_OUTWARD,0.0001824000000851,OPPOSITE_POSSIBLE,B,B,True,True,True,False,JOINT_NEW_STRICT,,,,,,
AP2,beijing,Wanshouxigong,origin_week,natural,18528,2015-04-12 00:00:00,2015Q2,beijing_2015-04-12T00:00:00,24,3,logistic,hist_gradient_boosting,168,191,13,39,-0.0013194719632368,0.0463924119385101,0.0010490573772561,0.0440238825980171,0.0010490573772761,0.0440238825979971,0.0010490573769168,0.0440238825983564,FLOAT_OUTWARD,0.3979129292061856,0.3979129292061806,0.0477118839017469,0.0477118839017469,0.0013194719632368,0.0463924119385101,2,653,77,291,0.0012864999998782,0.0086961999995764,OPTIMAL_DUAL_OUTWARD,0.0001546000003145,OPPOSITE_POSSIBLE,B,B,True,True,True,False,JOINT_NEW_STRICT,,,,,,
AP2,beijing,Wanshouxigong,annual,natural,17520,2015-03-01 00:00:00,2015Q1,beijing_2015-03-01T00:00:00,72,3,constant,hist_gradient_boosting,8713,8784,227,271,-8.840611208081637e-05,0.0017980746572643,0.000490382128994,0.0012483029793238,0.0004903821290139,0.0012483029793038,0.0004903821133904,0.0012483029949273,FLOAT_OUTWARD,5.042981944658912,4.790160630069864,0.0018864807693451,0.0018864807693451,8.840611208081637e-05,0.0017980746572643,6,13332,541,2513,0.004780700000083,0.0394326999994518,OPTIMAL_DUAL_OUTWARD,0.0034056000004056,OPPOSITE_POSSIBLE,B,B,True,True,True,False,JOINT_NEW_STRICT,,,,,,
AP2,beijing,Wanshouxigong,origin_week,natural,21888,2015-08-30 00:00:00,2015Q3,beijing_2015-08-30T00:00:00,72,3,constant,logistic,168,239,22,61,-0.0156377409077815,0.0054699285452038,-0.0095998556459695,-0.0005679567166081,-0.0095998556459495,-0.0005679567166281,-0.0095998556463941,-0.0005679567161835,FLOAT_OUTWARD,1.0143647239877664,1.0143647239877662,0.0211076694529853,0.0211076694529853,0.0156377409077815,0.0054699285452038,1,3660,121,483,0.0010140999993382,0.011276799999905,OPTIMAL_DUAL_OUTWARD,0.0002038000002357,OPPOSITE_POSSIBLE,A,A,True,True,True,False,JOINT_NEW_STRICT,,,,,,
AP2,beijing,Wanshouxigong,origin_week,natural,21888,2015-08-30 00:00:00,2015Q3,beijing_2015-08-30T00:00:00,72,3,logistic,hist_gradient_boosting,168,239,22,61,-0.0318725634243549,0.0041102698589639,-0.0242383618660892,-0.0035239316993017,-0.0242383618660692,-0.0035239316993217,-0.0242383618665137,-0.0035239316988771,FLOAT_OUTWARD,1.2825458617919951,1.2825458617919954,0.0359828332833188,0.0359828332833188,0.0318725634243549,0.0041102698589639,1,3660,121,483,0.0010140999993382,0.0106328000001667,OPTIMAL_DUAL_OUTWARD,0.000283300000774,OPPOSITE_POSSIBLE,A,A,True,True,True,False,JOINT_NEW_STRICT,,,,,,
AP2,household,household,origin_week,natural,1112076,2009-01-27 00:00:00,2009Q1,household_2009-01-27T00:00:00,60,5,logistic,hist_gradient_boosting,10080,10139,38,89,-0.0044957370656618,0.0010943779366255,-0.0044151268628185,0.0010579333376805,-0.0044151268627985,0.0010579333376605,-0.004415126880829,0.001057933355691,FLOAT_OUTWARD,0.8125508448620989,0.3673615575666235,0.0055901150022874,0.0055901150022874,0.0044957370656618,0.0010943779366255,1,3080,177,607,0.0013206000003265,0.0118514999994658,OPTIMAL_DUAL_OUTWARD,0.0031222999996316,OPPOSITE_POSSIBLE,OPPOSITE_POSSIBLE,OPPOSITE_POSSIBLE,True,False,False,False,JOINT_OPPOSITE_POSSIBLE,,,,,,
AP2,household,household,origin_week,natural,1041516,2008-12-09 00:00:00,2008Q4,household_2008-12-09T00:00:00,180,5,constant,logistic,10080,10259,70,122,-0.0068697835873888,0.0018732661173239,-0.0042516280588419,0.0018732661173439,-0.0042516280588219,0.0018732661173238,-0.0042516280770655,0.0018732661355675,FLOAT_OUTWARD,26.39100772795429,8.52443116095003e-14,0.0087430497047127,0.0087430497047127,0.0068697835873888,0.0018732661173239,1,8977,243,920,0.0013758999994024,0.0161879999996017,OPTIMAL_DUAL_OUTWARD,0.0077299000004131,OPPOSITE_POSSIBLE,OPPOSITE_POSSIBLE,OPPOSITE_POSSIBLE,True,False,False,False,JOINT_OPPOSITE_POSSIBLE,,,,,,
