study_id,path,format,bytes_lf,sha256_lf
chronos2,artifacts/summaries/chronos2/CHRONOS2_QUALIFICATION_CELLS.csv,csv,6829,18a2f96ccd789736d5116eb777b7daec2e8fea4ee3412513e6606908a20d396d
chronos2,artifacts/summaries/chronos2/CHRONOS2_QUALIFICATION_FOLDS.csv,csv,459,0549b8d0b07d36cbf4971242b9458045955b9149f49031b393235893828986c0
chronos2,artifacts/summaries/chronos2/CHRONOS2_QUALIFICATION_HORIZONS.csv,csv,432,4e76bc5c8814756c44cb7723689880ee4d230cc948188fbf09c45e2ac0e2d55e
chronos2,artifacts/summaries/chronos2/CHRONOS2_QUALIFICATION_SUMMARY.json,json,2894,2f2297520cda964779284a8cf87174007288d684ab8d852dc5caae13a30eb0d5
distillation,artifacts/summaries/distillation/D1_CELLS.csv,csv,8310,1e9cf647a193d82dc124ee73997c1e4d0368e022ada74ae2ac4f4d1b1d9ef635
distillation,artifacts/summaries/distillation/D1_FOLDS.csv,csv,2070,e49f855d36f96fc95d5683a4d764483f04219593099fa6efe750b4f6c08ba5d0
distillation,artifacts/summaries/distillation/D1_HORIZONS.csv,csv,1402,e859a6407dc214347eaae0607cfa111274328ed7dddacd4f29529f85fd0e17d7
distillation,artifacts/summaries/distillation/D1_SUMMARY.json,json,1765,fceb887a983398911d76240c2f53e64faf8328086654de4df92a1b4a88bb3dea
distillation,artifacts/summaries/distillation/FORMAL_MATRIX_AUDIT.json,json,221,9db0d85a9aadff1f9802ad65fb95b6f89771effb0047479bda9fc0a0b742c6f6
fixed_fusion,artifacts/summaries/fixed_fusion/FIXED_FUSION_SUMMARY.json,json,1580,c795e09ea8c380aef00c1dc8e4e3585edc1ef03300008539fade31102989df59
fixed_fusion,artifacts/summaries/fixed_fusion/FIXED_FUSION_WEIGHTS.csv,csv,1935,2ea0f1b006b52571743ca6d6a2257a936763c1708f23db734bd22c58c1d5c961
latency,artifacts/summaries/latency/ACCURACY_LATENCY_FRONTIER.csv,csv,2244,e18cf9ed80d071bae5b5c1c62ff4ad47062417502d8023a9153adff2e8cea294
latency,artifacts/summaries/latency/LATENCY_SUMMARY.json,json,572,e0129fc5e59034672e36cf0bdb61f7b7c8171b205ca5d4e14ef791468ee78a2e
latency,artifacts/summaries/latency/LATENCY_SUMMARY_TABLE.csv,csv,4593,c6dd5d7d2667465235f44f3e834f7595a1d6bb10ae4984199a0a88f749edfbe1
paired_audit_v3,artifacts/summaries/paired_audit_v3/protocol_receipt.json,json,676,c96cb5f3497331bd2ade8cd08f94d527eda75b2a258ccdfdc1b2bccaf09b79a1
paired_audit_v3,artifacts/summaries/paired_audit_v3/summary.json,json,1452,17281b013a490086c42a7361d2e4f209476005f9b8d75317e2067d2c46e51c4d
paper_audits,artifacts/summaries/paper_audits/CITATION_AUDIT.json,json,23141,33ba72b9749e987da3496baefebc8ee9ceb17e9f7d6a799ea275086bba1105c6
paper_audits,artifacts/summaries/paper_audits/PAPER_CLAIM_AUDIT.json,json,62752,54ab84772a1f17d14f7c5dcf27b6c050492ec096b435a6e2e77801b5d519ab37
paris_development,artifacts/summaries/paris_development/PARIS_TEACHER_CELLS.csv,csv,7310,93296491bd71150f4998ba3f4004bd8323136b6dc6ec0e385531a63a60410108
paris_development,artifacts/summaries/paris_development/PARIS_TEACHER_FOLDS.csv,csv,247,65fe2e241cb2eeb199bf8bca6896e52210bc8a44b43e68e4988cb5710eee9bd5
paris_development,artifacts/summaries/paris_development/PARIS_TEACHER_HORIZONS.csv,csv,300,01a233aef1bbf46bd1f25a5a64d0c45dad134d9348c8826868bd8c6f5cc4a01e
paris_development,artifacts/summaries/paris_development/PARIS_TEACHER_MACRO.csv,csv,444,49528e0e15e350b3416003d205b3a907234a19de374021672443860557b30909
paris_development,artifacts/summaries/paris_development/PARIS_TEACHER_QUALIFICATION_SUMMARY.json,json,1731,1bba7c41d75fa33df0cab4cda26e183c39a3801ae2933d6d7aafe9b81e02bdf7
paris_development,artifacts/summaries/paris_development/PARIS_TEACHER_WEIGHTS.csv,csv,383,d19a7de8a73fac4a2db917f9bbb69c10056c5a549b25463fbbdc683c1c388ecf
registry,artifacts/summaries/registry/CONFIG_STATUS.csv,csv,598923,0de9fecc60ba14ce31ff3475ded56816c7add709e027beb411d45b1ae4caf882
registry,artifacts/summaries/registry/CONFIG_STATUS_SUMMARY.json,json,1130,54ebe971efb1ad6d4c1bb9758a0ce184ae3113f9f3ecd3781fda554360d8d2d1
router,artifacts/summaries/router/ROUTER_V1_FOLD.csv,csv,271,819c3fb0218fed1386ada47af703a17c06a6bf59a8e31056a5f6c3b41f601a9d
router,artifacts/summaries/router/ROUTER_V1_SUMMARY.json,json,3386,568342d5d6524fdfdd29931e120fd3cc5dc44a829dd228f88664dabf0b784278
benchmark_alignment_20260913,artifacts/summaries/benchmark_alignment_20260913/contract_probe.json,json,19753,24c2d538b95639ae88e80b411730b52033339c40990a63b5be218b03f4da8ddd
benchmark_alignment_20260913,artifacts/summaries/benchmark_alignment_20260913/recent_paper_metadata.json,json,3102,2a1c1ab41ab229a84a92a9ff6ac120cd0fcca8980bfa7c262245c67ccbbf7165
benchmark_alignment_20260913,artifacts/summaries/benchmark_alignment_20260913/research_results.csv,csv,2271,4df0d910c2d538632948853e31ea82b571178ba879950e3d104f919eafece3ec
benchmark_alignment_20260913,artifacts/summaries/benchmark_alignment_20260913/upstream_source_manifest.json,json,4978,c208863519cbad040e3e06d56ca93db187757e9097f9651faf238dfe1103aae6
benchmark_contract_preparation_20260914,artifacts/summaries/benchmark_contract_preparation_20260914/aggregation_review_fix.json,json,756,44ee5172eb45fe27259dcb2bc081401ed82b6f292acc945b70cbb5143a8e0416
benchmark_contract_preparation_20260914,artifacts/summaries/benchmark_contract_preparation_20260914/execution_source_manifest.json,json,1271,2a34055146244a6c21d6ecc4d5d21182110a5ead47a324d7f25b656c43c4ce90
benchmark_contract_preparation_20260914,artifacts/summaries/benchmark_contract_preparation_20260914/legacy_source_comparison.json,json,2599,520f99c9e0e34502da32ad9c728222d42974ef7f6c70a610eeee557172bdaa76
benchmark_contract_preparation_20260914,artifacts/summaries/benchmark_contract_preparation_20260914/six_fold_index_differences.csv,csv,50744,b75086e9f22cdb6662494f7e25eefccf1e90ba5a6850f03a0d9c564550ee26b4
benchmark_contract_preparation_20260914,artifacts/summaries/benchmark_contract_preparation_20260914/synthetic_verification.json,json,3938,97153c853b4aa794e6b811475d6ff5e3fa88b91af79d8b1f2bbc3625e0e4bbe4
comparability_bridge_v2,artifacts/summaries/comparability_bridge_v2/alignment_checks.json,json,1082,81f82a6d6798d423d8dd43fad8c77254d35524bfab6b77fe0610d1653bc14930
comparability_bridge_v2,artifacts/summaries/comparability_bridge_v2/comparison_table.csv,csv,9519,5dcb6f283d8152fec4f3b19f6d046cbe1c5a45f6af26f86ff9848db4a3a1a62d
comparability_bridge_v2,artifacts/summaries/comparability_bridge_v2/private_package_manifest.json,json,1316,f9e90f6590249d78daa4b1d0bc1794bcf2a164875095f86b5afeb1a5d27425ec
comparability_bridge_v2,artifacts/summaries/comparability_bridge_v2/protocol_receipt.json,json,1279,5060aef569d35a2cc02ac22db4a92d8604f2001ab838151c22354f2e442b6beb
comparability_bridge_v2,artifacts/summaries/comparability_bridge_v2/summary.json,json,3637,26b23c7322e6cdc91ae4fe628d6a79f41d1b95098c39246de4b0e581389021f0
comprehensive_development_comparison_v1,artifacts/summaries/comprehensive_development_comparison_v1/archive_common_scores.csv,csv,306329,b1e132514c585cd010f6183633b67ab64cfd7ecbfdf9b44d959e12ca0856c0ad
comprehensive_development_comparison_v1,artifacts/summaries/comprehensive_development_comparison_v1/archive_family_summary.csv,csv,4413,8d5a66d7677bc6412b8ed7f9dc568d73146fc40c1ef5a63d223ef1cacab47cd6
comprehensive_development_comparison_v1,artifacts/summaries/comprehensive_development_comparison_v1/baseline_sources.csv,csv,3095,4232f10eac61da2689ddb8d8a40ae43ff4fb35a53bebca3e0ca2f1b74345f5de
comprehensive_development_comparison_v1,artifacts/summaries/comprehensive_development_comparison_v1/candidate_coverage.csv,csv,8675,fabab6af3b20ccb78a73140e2bd0d3e33dc6a616193d3d3ac37a5c808343be2e
comprehensive_development_comparison_v1,artifacts/summaries/comprehensive_development_comparison_v1/comparison_manifest.json,json,53557,be41bb002f7251ddee350bea2ee026c506b43811116ce63d1530efa35e7754f2
comprehensive_development_comparison_v1,artifacts/summaries/comprehensive_development_comparison_v1/coverage_and_limits.json,json,605,9083220a33543127f1f6ef7de1740be79874e3b25a6d18a2ea7f43407a91babb
comprehensive_development_comparison_v1,artifacts/summaries/comprehensive_development_comparison_v1/execution_receipt.json,json,3504,9973566841622d671fde9e6868900a2d3dcb2d854fb35dbbbc2c070221e70fbb
comprehensive_development_comparison_v1,artifacts/summaries/comprehensive_development_comparison_v1/frozen_ridges.json,json,6488,d50c87b16dc1ef6b51bf5253a401e1d5f8dc498fc2295cc91b52571c75abe1bf
comprehensive_development_comparison_v1,artifacts/summaries/comprehensive_development_comparison_v1/frozen_selection.json,json,5843,820a55a52b8d67c045d9e5dfa4d841819bd833f610af9b35ba9348eabbb9ac3c
comprehensive_development_comparison_v1,artifacts/summaries/comprehensive_development_comparison_v1/historical_six_fold_reported.csv,csv,4554,b2d20a2e8f1eb02bf73504a2f5c999fd14d8f8dce5a729ec0afe70c2874ab499
comprehensive_development_comparison_v1,artifacts/summaries/comprehensive_development_comparison_v1/matched_core_scores.csv,csv,36588,33352215080a067277b7e9e90453b0c9481ae84525947f0e7d56b1ad7f16b01d
comprehensive_development_comparison_v1,artifacts/summaries/comprehensive_development_comparison_v1/model_summary.json,json,35765,26a8eb5e197cd1001b3f6e725fe86ccebfdf57e412d8a218ddb4c7612443791b
comprehensive_development_comparison_v1,artifacts/summaries/comprehensive_development_comparison_v1/prediction_freeze.json,json,3819,c9860207fc6c4c4df2cc481b27be42bb392da2040fde30dd480ac4dd3c9b5c60
comprehensive_development_comparison_v1,artifacts/summaries/comprehensive_development_comparison_v1/ridge_selection_scores.csv,csv,3896,efd5156d73d1a80d904d81fb899aa546d6a3edfb79a4016042b1b03da9ba1491
comprehensive_development_comparison_v1,artifacts/summaries/comprehensive_development_comparison_v1/selection_scores.csv,csv,157004,4189669c952a30b7ae061f13f2678edd30057ded37ff392896711f7e954e238b
comprehensive_development_comparison_v1,artifacts/summaries/comprehensive_development_comparison_v1/training_curves.csv,csv,82364,6672690845aa48df8fd315a5ee783cbabd5fd757e395182b7399edfcafdf346e
comprehensive_development_comparison_v1,artifacts/summaries/comprehensive_development_comparison_v1/verification.json,json,337,455724e368bf82db7e15c4c6d883b5c040b6ed55a1ceb2367109d5174ded4773
urbanev_matched_six_fold_v1,artifacts/summaries/urbanev_matched_six_fold_v1/origin_plan.csv,csv,10894,d52c0aa8337d44f82d679ab519089f205fa1cc8842297f802f0f3b8c4bf062d2
urbanev_matched_six_fold_v1,artifacts/summaries/urbanev_matched_six_fold_v1/registered_tasks.json,json,66063,6c076279d210a30e0c5c596d541f5f134a162525d17197a173df1f52989c7912
urbanev_matched_six_fold_v1,artifacts/summaries/urbanev_matched_six_fold_v1/registration.json,json,2389,f0b8a902fb0099724849d61c3ac40740432512d266f678a6d32fe63013c1ca56
continuous_v2_calibration_2h,artifacts/summaries/continuous_v2_calibration_2h/calibration_2h.json,json,71925,b655e84aed1885c7822715a033835f2b41624e752070d435e0debc1d02fbf504
continuous_v2_calibration_2h,artifacts/summaries/continuous_v2_calibration_2h/calibration_cells.csv,csv,5420,2501d29960c6d65a2752a3c232d6bb335a2af46ed3192d12253f94aab2b2e608
continuous_v2_calibration_2h,artifacts/summaries/continuous_v2_calibration_2h/execution_receipt.json,json,31695,cc89e8640b59b036c17206e96842d0e1a6a6933951ce1e3123246781be31878a
continuous_v2_calibration_2h,artifacts/summaries/continuous_v2_calibration_2h/gate_decision.json,json,4692,d88da99338ea3eda6052f06f488848846b75efbf2f77dd1142b112901f99276a
continuous_v2_calibration_2h,artifacts/summaries/continuous_v2_calibration_2h/preflight_tests.txt,txt,181,8564200963c2e31755c8493041c0b7394c5be2a0f5a8ec4cd1da868d440a862d
continuous_v2_calibration_2h,artifacts/summaries/continuous_v2_calibration_2h/public_export_map.json,json,2296,188cabd012b543655e0c32403abb3b3ed04c31880054cfd52a1b9886367b5559
continuous_v2_calibration_2h,artifacts/summaries/continuous_v2_calibration_2h/resource_observation.json,json,305,949e397099b66c12eb7d8054591372fa7d2aa5e6f74c8af158dd51c0e227e161
continuous_v2_calibration_2h,artifacts/summaries/continuous_v2_calibration_2h/result_verification.json,json,19241,42029cf6e9216e476250d6a3ee257eba028aed54208265d91e39685a34e57cf0
continuous_v2_calibration_2h,artifacts/summaries/continuous_v2_calibration_2h/summary.json,json,1175,8d6884655d1c60f0c310b719c9bd5d9cc257ce2927556a5791ca1a486acbf1fa
continuous_v2_candidate_reduction,artifacts/summaries/continuous_v2_candidate_reduction/candidate_reduction_verification.json,json,8309,f70ca3e7fc323c5a2ee42ddc19aa1c361ee344930409a6b6a32483711ceb0d28
continuous_v2_candidate_reduction,artifacts/summaries/continuous_v2_candidate_reduction/dense_tie_verification.json,json,9464,9138df51c94f37cbab057f8b0d641976e6833b3d8b1179e44877a4eebdde7f8a
continuous_v2_candidate_reduction,artifacts/summaries/continuous_v2_candidate_reduction/implementation_receipt.json,json,6333,a7303dc413eb6f54c3906d55f0b39ab52571ad08dc00136f8f094ecca250f0b0
continuous_v2_candidate_reduction,artifacts/summaries/continuous_v2_candidate_reduction/max_objective_error_case.json,json,2827,e67dde744c1a08f9c717a8f920b02d3b68e9bb3c4b15076ea75994484cc44b4e
continuous_v2_candidate_reduction,artifacts/summaries/continuous_v2_candidate_reduction/prior_max_objective_error_case.json,json,1860,0352dcd2ba5fc0365d00ba5bc1c4cc63be16956d56c6dbf31016e2a43f560bc5
continuous_v2_candidate_reduction,artifacts/summaries/continuous_v2_candidate_reduction/public_export_map.json,json,2870,b65ceca24f4ec2065aef632d96c6b226943e3db5ebd2bfbaf9a02e0c1fbf1eab
continuous_v2_candidate_reduction,artifacts/summaries/continuous_v2_candidate_reduction/scale_four_horizon.json,json,6322,197e5d3be1166ebb2fa29838418e9821570d0433ba7dd4767e425a7ccd19c07f
continuous_v2_candidate_reduction,artifacts/summaries/continuous_v2_candidate_reduction/scale_two_horizon.json,json,6503,ec3796be973519707e96b72c89b2b24afe88051c0265528a28a5c2f0f603484f
continuous_v2_candidate_reduction,artifacts/summaries/continuous_v2_candidate_reduction/scale_verification.json,json,14601,0eba334942a9269c1537cad1f71b864fa14a9a6be93334419d3181cb9b195e65
continuous_v2_candidate_reduction,artifacts/summaries/continuous_v2_candidate_reduction/solver_verification.json,json,1311299,3a4827531571b186cbd84b87bb8b94d91c0e8422279dd67eda8979bfc5adfffd
continuous_v2_candidate_reduction,artifacts/summaries/continuous_v2_candidate_reduction/test_log.txt,txt,181,87d93e5fa76b94eac76458d3e49924fe3c28cfefef5f2b15042f703b427ee65b
continuous_v2_candidate_reduction,artifacts/summaries/continuous_v2_candidate_reduction/unchanged_scope_verification.json,json,2077,1260340cb912ec3ce197f6c181a11f8e9aeececfc9b396ff0dcddb4b69e3e0e1
continuous_v2_registration,artifacts/summaries/continuous_v2_registration/public_export.json,json,223,0eb54ad570aacd5b8125f8ed1e3cd04f863b4db841f1e41ad515565f169ff57c
continuous_v2_registration,artifacts/summaries/continuous_v2_registration/registration_check.json,json,6849,a5f6dc6f7352d3f699ff0f7527164686d20fd01e39e08657597bdcfe45bae7ea
continuous_v2_registration,artifacts/summaries/continuous_v2_registration/test_log.txt,txt,100,21289eba4bdcd7169e644f287f1889e1d816c38def3e1bbdc78727655bcc65f9
continuous_v2_solver_draft,artifacts/summaries/continuous_v2_solver_draft/case22_trace.json,json,2705,54bceb607d31bad2ed5aa7d43e341a7a3db89fab19dda34c7597ea12356df417
continuous_v2_solver_draft,artifacts/summaries/continuous_v2_solver_draft/implementation_receipt.json,json,2350,e8968d4a478c58ecb666bb8ae9be864ccf6eb700b66e98b1092103e28ae12137
continuous_v2_solver_draft,artifacts/summaries/continuous_v2_solver_draft/regression_case22.log.txt,txt,1105,41f7285283780b1e1a5a81907bf0538743aa6bc375822baee930507832eaf2ca
continuous_v2_solver_draft,artifacts/summaries/continuous_v2_solver_draft/solver_verification.json,json,58988,51b8bb2f27134e6c850d96eb4430c411063568758b88f720e7d1624c30944408
continuous_v2_solver_repair,artifacts/summaries/continuous_v2_solver_repair/boundary_predicate_verification.json,json,3465,490974413e4ddcd5767bf8447504ceddc8469274c9fad10af04f8d43b88d13eb
continuous_v2_solver_repair,artifacts/summaries/continuous_v2_solver_repair/case22_repair_trace.json,json,22331,bf6ccd61a418ec478abb2f546f3c3d865b88b78727a33a7f1f0860a2d284a639
continuous_v2_solver_repair,artifacts/summaries/continuous_v2_solver_repair/implementation_receipt.json,json,5990,5ed4df301c440d142fcbd80330cf45d45e4c53725a4a3a3b8ff317f0c87e6279
continuous_v2_solver_repair,artifacts/summaries/continuous_v2_solver_repair/initial_narrow_interval_assertion_failure.txt,txt,1081,121a4fdfe553a7c8ca13212cd717e8259cecadf25323d44d4f56e221a42f5572
continuous_v2_solver_repair,artifacts/summaries/continuous_v2_solver_repair/old_assertion_failure.txt,txt,784,cf8091ea8f1a31ba2a6891e3723e51b6270b8a4c4e0dfcd53ff19e3cbe5909ef
continuous_v2_solver_repair,artifacts/summaries/continuous_v2_solver_repair/public_export_map.json,json,2791,11da4ae1aa8c88af13a3c4275cd09a2979c8784e5d4e7b917572a7338a17f21f
continuous_v2_solver_repair,artifacts/summaries/continuous_v2_solver_repair/scale_four_horizon.json,json,3634,bfe15c7df1b3e1daec0e9bd2a27d15b8c8355b2df4b83f80aafe8b9117a94e69
continuous_v2_solver_repair,artifacts/summaries/continuous_v2_solver_repair/scale_two_horizon.json,json,3748,63a96db966d4d1c6c0c33042507b88ffe5a5a1459912d037b07b74e8e28330ba
continuous_v2_solver_repair,artifacts/summaries/continuous_v2_solver_repair/scale_verification.json,json,8388,d6d336d0d3c92e3b384a40f413fe5140e2eb5c9f89c3c7dead08565d227fb1a5
continuous_v2_solver_repair,artifacts/summaries/continuous_v2_solver_repair/solver_verification.json,json,698993,d58527214435a299565cf04f3e49182450b3e25234213a7b9496d8f51361434e
continuous_v2_solver_repair,artifacts/summaries/continuous_v2_solver_repair/test_log.txt,txt,180,7ee3e01d8452632b82ab9bbff207f324c8285ef58377358d6867dd6fdcb360c2
dual_risk_finite_step_v1,artifacts/summaries/dual_risk_finite_step_v1/calibration_grid.csv,csv,19119,18e5c2e45ee35db7b8af98d200e08d25cdeaa3524194c9a82197fe0a6b1ce138
dual_risk_finite_step_v1,artifacts/summaries/dual_risk_finite_step_v1/calibration_selected.json,json,9855,b37944bebc8761bf0155dfc100dc5001a75c56f6ae08d0a96ef550b931e53ef3
dual_risk_finite_step_v1,artifacts/summaries/dual_risk_finite_step_v1/calibration_verification.json,json,7977,0e71b98b03e1581ff3678a890d9d41ecefb9fc30a4b8335e7534b8e7893e27f6
dual_risk_finite_step_v1,artifacts/summaries/dual_risk_finite_step_v1/evaluation_scores.csv,csv,91,cf6f68e06e2a064de372e0f82719d751b5214f18317ccb3a1cc410759f0599d8
dual_risk_finite_step_v1,artifacts/summaries/dual_risk_finite_step_v1/execution_receipt.json,json,16739,7ad523eb658b6a2700ff4c9806ceb37c1dc6e069b631ac983f54b1d08fb8cd1b
dual_risk_finite_step_v1,artifacts/summaries/dual_risk_finite_step_v1/frozen_selection.json,json,1455,eeacec68f1c1c3fb3f6b4c35592aae9aa05b32f98a8f8ac13421b4b607cb5b75
dual_risk_finite_step_v1,artifacts/summaries/dual_risk_finite_step_v1/gate_decision.json,json,2368,c5e5837a50e4ac001e500fa9183d9d9707c73b1779432f3279b898aceae43d47
dual_risk_finite_step_v1,artifacts/summaries/dual_risk_finite_step_v1/loss_decomposition.json,json,13704,d015056652985e3a7e0dc02997911061b2ee4d65192d43950f087b8364686c71
dual_risk_finite_step_v1,artifacts/summaries/dual_risk_finite_step_v1/preregistration.json,json,18523,4bf8ba31fb96daca408b947777f63a5355f6bcd05f858209bc11314c27891b48
dual_risk_finite_step_v1,artifacts/summaries/dual_risk_finite_step_v1/summary.json,json,1146,c024ae4912a2a3906bf307e16049d1e3afca3dccf1cd03fd099f9be8ffe30d8d
dual_risk_finite_step_v1,artifacts/summaries/dual_risk_finite_step_v1/summary_arithmetic.json,json,500,d6daf1980ac837498aa05e24372caf112c4746e8afdfe74f3bda3029293ada6b
dual_risk_finite_step_v1,artifacts/summaries/dual_risk_finite_step_v1/test_log.txt,txt,469,ce1ef936e6216ff4bbd0936442f96384b2755054c70cb73e627d7bf3bc6b0f0d
dual_risk_probe_v1,artifacts/summaries/dual_risk_probe_v1/directional_risk_report.json,json,12799,a93bee0145869ef6e1ea02318cb9a9b8e479b6aaa19f09eaceb1591c6ee024de
dual_risk_probe_v1,artifacts/summaries/dual_risk_probe_v1/moment_comparison_verification.json,json,1188,5ad2994ca58186f0b9703206580ab61f5c379625d8d54e83e53e0ea22d55c18a
dual_risk_probe_v1,artifacts/summaries/dual_risk_probe_v1/moment_prediction_scores.csv,csv,2732,070d514474be78507354c10f8f5962a61dc7d769dfccdda3bdc2a47117a08ff1
dual_risk_probe_v1,artifacts/summaries/dual_risk_probe_v1/preflight_tests.txt,txt,404,15274156a00bcb9e973b4a2a10ce3306af3915bd74cbf4941c08205a85638a2b
dual_risk_probe_v1,artifacts/summaries/dual_risk_probe_v1/probe_manifest.json,json,16578,ea0a0b5305bcc5c9e598a675563fda0d07a386e582277e9ca7bb5e220feb07fd
dual_risk_probe_v1,artifacts/summaries/dual_risk_probe_v1/probe_receipt.json,json,18478,eeb4f9824f5063599e95c63152a0ba371652d7b6b2f0f4b89d6bc03ec7d9a478
dual_risk_probe_v1,artifacts/summaries/dual_risk_probe_v1/summary.json,json,1125,ff3f78467cdaaf17d58e9697db2a58978878952c08587d1f85cac2b828190392
fm_calibration_v1,artifacts/summaries/fm_calibration_v1/chronos2_cache_receipt.json,json,1620,bd781762fad204ffa17ecb1ad93cbe2c7c920ed74020ded584324c4e32af6377
fm_calibration_v1,artifacts/summaries/fm_calibration_v1/chronos2_cache_summary.json,json,1534,a5b9333c2ba8137ccc2e879e71126da4880ba959c727afff445b37dd697c9da1
fm_calibration_v1,artifacts/summaries/fm_calibration_v1/chronos2_evaluation.json,json,15412,837c2ae345b1125692343a08d838f77a6b05b11ea19ca2dafe17cb3c3199090e
fm_calibration_v1,artifacts/summaries/fm_calibration_v1/chronos2_profile.json,json,2314,97715e12d77cfb5bfbf1ff475847a3c7e68f602c65cf72a9e7a0117453685255
fm_calibration_v1,artifacts/summaries/fm_calibration_v1/environment_locks.json,json,709,60e233d58be96e8e16bbdaae1fc427c68d8e1a5cc4ff432c90f761045ea7679c
fm_calibration_v1,artifacts/summaries/fm_calibration_v1/integrity_review.json,json,902,0458b60119ac4fe71a32e7377c3e034f87a2f9345001eb76554eb2cd57aca3b8
fm_calibration_v1,artifacts/summaries/fm_calibration_v1/joint_input_verification.json,json,277,24502d1cbd2ba276db6a3f0966908afbbb3b8687e97845137410edf4812ade85
fm_calibration_v1,artifacts/summaries/fm_calibration_v1/public_export_map.json,json,4579,cb92c95ee1f736b4fa4fdc0bbc6898862bc22b372a2e904aa5f361e2d8be20ea
fm_calibration_v1,artifacts/summaries/fm_calibration_v1/study_summary.json,json,2835,2e15b826f1547cbf484ff36a93b0840954a51c533e02f9016058ee87571500ea
fm_calibration_v1,artifacts/summaries/fm_calibration_v1/target_provenance.json,json,758,ff066c361f50c63914eda85452a6fe1a4e5e9c53f919da19821dbb6720718430
fm_calibration_v1,artifacts/summaries/fm_calibration_v1/timesfm3_cache_receipt.json,json,1664,a8d18761876077b05d69de0a9dd2bd2bc00bb0921d9312838073f3bc69d05c3f
fm_calibration_v1,artifacts/summaries/fm_calibration_v1/timesfm3_cache_summary.json,json,1533,ec68cf8c389c4cc4367ad353cfeb4c3c91f7839a9a74f298d57ae286d57a2a23
fm_calibration_v1,artifacts/summaries/fm_calibration_v1/timesfm3_evaluation.json,json,15469,595b62c0540efd8169ea53adffa2f5a3336c2257a9c3e6b2fb93ba2803f6a4a2
fm_calibration_v1,artifacts/summaries/fm_calibration_v1/timesfm3_profile.json,json,2326,30d0c5af2f50278b2d09859803e431182757aacabbd3a662d7749af904e15f2f
fm_calibration_v1,artifacts/summaries/fm_calibration_v1/timesfm_weight_lock.json,json,974,a5d8be49423bdce00d363704675889bee7694e511b9a51e9213b9740ff35cc46
residual_information_v1,artifacts/summaries/residual_information_v1/clipping_geometry.json,json,2314,c368865099def3f0efa60c237173d8a1ed3c9df9e06846cfd2993fb3a7e4ce6f
residual_information_v1,artifacts/summaries/residual_information_v1/geometry.json,json,18123,fcdbef3eb1bd152b4a446e5cbe21d677443a74d3e8bfcde92535574949727ca5
residual_information_v1,artifacts/summaries/residual_information_v1/integrity_review.json,json,1429,d19f39204906fbaf307dbe933ea8c1129de5d20e10369ea99b6b1d4f836fe7fb
residual_information_v1,artifacts/summaries/residual_information_v1/public_export_map.json,json,1370,8aa5bef2136d3210ecb48d62c7a872541d960235f13f6e8cb093017cb289a687
residual_information_v1,artifacts/summaries/residual_information_v1/screen.json,json,93679,a4a63f194577df5d233ca2b4e8cf684bee935774aa7378b3ea5651eb78c0c5d9
residual_information_v1,artifacts/summaries/residual_information_v1/summary.json,json,904,46465d39f53500a8837211456b87077564d74df240986d81af88c6001baa99d9
residual_information_v1,artifacts/summaries/residual_information_v1/test_log.txt,txt,100,7d0d297d0cee4829b59e5098f3bfc2a02eaf728d784ee2ef3d4eecf90aefac99
conditional_od_interaction_v1,artifacts/summaries/conditional_od_interaction_v1/development_scores.csv,csv,16471,39e5f4836594a11219a6717a0e760c25fcfd4834808aac50b18980765702bfbe
conditional_od_interaction_v1,artifacts/summaries/conditional_od_interaction_v1/execution_receipt.json,json,5072,2de4161d0f3dab6a5e59e90ad97302814bc9c31b7ef92ec3e884f05abe80f53e
conditional_od_interaction_v1,artifacts/summaries/conditional_od_interaction_v1/frozen_base.json,json,368,216baf5b9296159564c0f223174bf50fdded7ce646fdb24bd853bd55109a6723
conditional_od_interaction_v1,artifacts/summaries/conditional_od_interaction_v1/frozen_selection.json,json,3281,1e8d786986dac11ae9550d32d67ed8635bb677f701ddda343dabd4b2f376e7df
conditional_od_interaction_v1,artifacts/summaries/conditional_od_interaction_v1/interaction_activity.json,json,1871,05080476d09daef3b6abbed74b899cc6bb5a521e962f59e62f19582bb9eca5f3
conditional_od_interaction_v1,artifacts/summaries/conditional_od_interaction_v1/model_summary.json,json,41523,0bb3a6d7c79393fa7531a9492a752666edec96c8c122702ffa2fac6212c1faec
conditional_od_interaction_v1,artifacts/summaries/conditional_od_interaction_v1/paired_origin_errors.csv,csv,203297,c29eb0df034fcdfc02cb47b815752de5c0d79a394d997591a68260a7be33866d
conditional_od_interaction_v1,artifacts/summaries/conditional_od_interaction_v1/prediction_freeze.json,json,4564,77e402ff10934f14c470191203132e0292b06d9879f3a425a5fc4e1ffb938b01
conditional_od_interaction_v1,artifacts/summaries/conditional_od_interaction_v1/selection_scores.csv,csv,68400,66717c1438c02fb27ac4327eccec3966819f9deb2db50f1768039929d7ec5ee5
conditional_od_interaction_v1,artifacts/summaries/conditional_od_interaction_v1/state_group_losses.json,json,470864,db87ea999746701d98da8cec5c59e66fb50a96b6f70c567201771e7dc431aa4b
conditional_od_interaction_v1,artifacts/summaries/conditional_od_interaction_v1/training_curves.csv,csv,24279,9e496a719140dd454b5ecea05636cfb8177fc3eb2b3e02f0117254882f0e29f2
conditional_od_interaction_v1,artifacts/summaries/conditional_od_interaction_v1/verification.json,json,272,91569309d49ff5a13b1147544f141ca78c99b932d5228e9bcfdfeaadc0ca1efa
duration_lag_regularization_v1,artifacts/summaries/duration_lag_regularization_v1/development_scores.csv,csv,13055,98bf962389d6925f6d1f94fb6c09922f55c83797b5f363e8e6949163c23fdc9e
duration_lag_regularization_v1,artifacts/summaries/duration_lag_regularization_v1/execution_receipt.json,json,3758,f60a47d3fa9b1ee21e4d11433ca867a4f8374e8340d53fedd84c988536f85e45
duration_lag_regularization_v1,artifacts/summaries/duration_lag_regularization_v1/frozen_models.json,json,5975,273e129719e3140d0724116d9818ca00d0cfecbc8f3238d32a3be768bdf7012b
duration_lag_regularization_v1,artifacts/summaries/duration_lag_regularization_v1/frozen_selection.json,json,1347,357ae3dede214ba104b4d4b261634be90898277e557c7e0375bbca1f1b2a7774
duration_lag_regularization_v1,artifacts/summaries/duration_lag_regularization_v1/paired_loss_report.json,json,266274,c33ba6b4b67fa3a0dcd2413f6b391cbf49310b805037a3ef77b6ec6739bd3ef3
duration_lag_regularization_v1,artifacts/summaries/duration_lag_regularization_v1/paired_origin_errors.csv,csv,114013,7626b4fac59620861d1a77592acab41584f32d3fff82434c71d56675788a496c
duration_lag_regularization_v1,artifacts/summaries/duration_lag_regularization_v1/penalty_manifest.json,json,6921,55deb944cdbcbcc2a740c5993c7cb8cf6ea1498034f55c6988473d1f00de468b
duration_lag_regularization_v1,artifacts/summaries/duration_lag_regularization_v1/prediction_freeze.json,json,1809,8a01c578007f05d3a49db4c462fd4377c37f92e08fa64d1f23e5a4f94cc3a531
duration_lag_regularization_v1,artifacts/summaries/duration_lag_regularization_v1/regularization_diagnostics.csv,csv,31625,c53039d3a369da7c1f7f625add272c7948ac82241aa871ec39584224160196c1
duration_lag_regularization_v1,artifacts/summaries/duration_lag_regularization_v1/result_interpretation.json,json,4759,75c055ccbfe25422c96a6315606a4932cd0ff8f9607addd3a8d535a43332d79a
duration_lag_regularization_v1,artifacts/summaries/duration_lag_regularization_v1/selection_scores.csv,csv,20857,110e558f331edd35fefa37d4713ff628ef5410be765a050b15b2c58d7631409b
duration_lag_regularization_v1,artifacts/summaries/duration_lag_regularization_v1/summary.json,json,12703,7c939eaeaac5c3a1052ba86ea985ba3b734aa4a9d6ccb01021c463b357f440dc
duration_lag_regularization_v1,artifacts/summaries/duration_lag_regularization_v1/verification.json,json,359,64596c96ca921bbfee44bf9f795e13b65c7b99bdc22da05062c726df6f93b57d
fixed_reference_correction_v1,artifacts/summaries/fixed_reference_correction_v1/base_selection_scores.csv,csv,4921,65dcc0e3e0fcfa514c65d3ed4e44f790646c85e772b499c76a1f5c6cf455aa5e
fixed_reference_correction_v1,artifacts/summaries/fixed_reference_correction_v1/development_scores.csv,csv,21802,e12faf53cb971bf20e1a3ca4535e14937d8a0cbbdb0977a3378c517a21b2f6b6
fixed_reference_correction_v1,artifacts/summaries/fixed_reference_correction_v1/execution_receipt.json,json,5422,b0ff58c7e72e61d396b232cb64bc8a936f014acee59003d6b650fde84760b48e
fixed_reference_correction_v1,artifacts/summaries/fixed_reference_correction_v1/frozen_selection.json,json,3695,c9611bed15d8aa65545d9c4f1170291dc3de4b4495a3221f26872a13b6ebc4d4
fixed_reference_correction_v1,artifacts/summaries/fixed_reference_correction_v1/harm_benefit_report.json,json,60859,1f6fc424ae3dd85aca701d4c998d931a317ab177ea74326e0b6535a8627d9b81
fixed_reference_correction_v1,artifacts/summaries/fixed_reference_correction_v1/initial_reference_freeze.json,json,566,b9c48d2e54b6c7bf0f6c224301b4281c57fb1f750b20957931ff945a35a61652
fixed_reference_correction_v1,artifacts/summaries/fixed_reference_correction_v1/loss_scale.json,json,201,da780c73afec81cd9556b9ee362914442cf256998d6f242fa3f10a914eb79119
fixed_reference_correction_v1,artifacts/summaries/fixed_reference_correction_v1/mechanism_fixed40_scores.csv,csv,9439,311ce4291128b7ccc8cbf0ce7f78cd9b31f25f53622121065f5ca11ffafd17ba
fixed_reference_correction_v1,artifacts/summaries/fixed_reference_correction_v1/mechanism_prediction_freeze.json,json,3168,338ecfc4f039c0c49bc9fcbcba4e898eb9927e88a146580bac64dc6520357eec
fixed_reference_correction_v1,artifacts/summaries/fixed_reference_correction_v1/model_summary.json,json,49117,752edb2cbd308a10c6abc7aaa0f6c22872059c70f4526af706ec893c5fe6db04
fixed_reference_correction_v1,artifacts/summaries/fixed_reference_correction_v1/paired_origin_errors.csv,csv,389398,94b7addad0a0ec3cc795dbf21135bf4b3755475caac024cb35036c3e6ac12047
fixed_reference_correction_v1,artifacts/summaries/fixed_reference_correction_v1/prediction_freeze.json,json,6130,2990c2f293aff341428a079925d0d166430d9c577e272568bdcea72ef771780a
fixed_reference_correction_v1,artifacts/summaries/fixed_reference_correction_v1/reference_manifest.json,json,2442,1e95e1c3ced488f944933ec6e55ee0c7154fb7883b41615b0e161f139167bfe4
fixed_reference_correction_v1,artifacts/summaries/fixed_reference_correction_v1/selection_scores.csv,csv,78363,1022c46aac75877b73826a8af9dc8048e71c1b0e0832ca39b6a01a2e5a5d68c7
fixed_reference_correction_v1,artifacts/summaries/fixed_reference_correction_v1/stability_summary.json,json,46351,aa4b3c8409cab68ef839467b7e6b0af97fda22b05cab69e3cfc5006c0b8b4382
fixed_reference_correction_v1,artifacts/summaries/fixed_reference_correction_v1/state_group_losses.json,json,865804,9bfbfe222fc4a40cc1ac6684edc5036ffaa579907ea075cbad8360243d73f828
fixed_reference_correction_v1,artifacts/summaries/fixed_reference_correction_v1/training_curves.csv,csv,51897,f436ea2d37b26ace1fc83f69258d3222797916f98437706951ff631d6de47cc7
fixed_reference_correction_v1,artifacts/summaries/fixed_reference_correction_v1/verification.json,json,466,3c35186df8bebf4d5fbff2434d334871a679a8bcda906b2c90d1708d88b20d31
forward_residual_transfer_v1,artifacts/summaries/forward_residual_transfer_v1/base_selection_scores.csv,csv,1632,504a3e90ee7bf4987ad5c21bafade26ec42e318071329d81149b2429c7b10398
forward_residual_transfer_v1,artifacts/summaries/forward_residual_transfer_v1/base_transfer_scores.csv,csv,4242,dda28e1e7b48c06e8d8f32c0a8916b1c282cd55e73fd4bb046871ea6db4ddfb6
forward_residual_transfer_v1,artifacts/summaries/forward_residual_transfer_v1/base_transfer_sensitivity.json,json,12420,ab11f0996d63eee567d83417c5bc5d7288e16f38b50efba3d7759f0ba825b161
forward_residual_transfer_v1,artifacts/summaries/forward_residual_transfer_v1/development_scores.csv,csv,32207,09531168974f96467e774223357b01e6231c6a7328546d78ab572354d72a727e
forward_residual_transfer_v1,artifacts/summaries/forward_residual_transfer_v1/diagnostic_prediction_freeze.json,json,2232,325c12583cbf26833ed800a3fc3fbdbb3fb31a27f469c5e999c9043935fe3166
forward_residual_transfer_v1,artifacts/summaries/forward_residual_transfer_v1/execution_receipt.json,json,5206,ccd8a4bb8398ca6c8fbd247da03226684a5502793a8dd4af218dad247b821d7d
forward_residual_transfer_v1,artifacts/summaries/forward_residual_transfer_v1/frozen_base.json,json,3870,979d90852aa01423078a0f2a78156e6d6e0188c8112e8514f7f62b2fab6c7a97
forward_residual_transfer_v1,artifacts/summaries/forward_residual_transfer_v1/frozen_selection.json,json,6880,ca6701c80b6644f24b27e60a8a802de0f977a4017bc10b6733409690c6a1879d
forward_residual_transfer_v1,artifacts/summaries/forward_residual_transfer_v1/harm_benefit_report.json,json,84187,1519be53376e4ed6d3f96f79b2043fbf87b23a97e638631ae25426f2f98c8a36
forward_residual_transfer_v1,artifacts/summaries/forward_residual_transfer_v1/historical_base_freeze.json,json,2403,3d24d4a60727031e66668869097c024bcd79d10992ec7fe4ff190adb7fc0c5f2
forward_residual_transfer_v1,artifacts/summaries/forward_residual_transfer_v1/loss_scale.json,json,192,254e7aa6b4bef8e8519a0166456095af80e10350a2609c0b27f429d9e693664a
forward_residual_transfer_v1,artifacts/summaries/forward_residual_transfer_v1/model_summary.json,json,82506,f9f34017b7de9b88936b3ad00ebae056fa24d669358410c0cad2251fc23e2cef
forward_residual_transfer_v1,artifacts/summaries/forward_residual_transfer_v1/paired_origin_errors.csv,csv,327681,dc4fa670ab9218f6565f3b55e88c3f4430635228c53031eadc45823d8a9cbc1d
forward_residual_transfer_v1,artifacts/summaries/forward_residual_transfer_v1/prediction_freeze.json,json,9140,9ece2f8880d5c54e28c835127b0c549db32c2ceb9125766c085256e9da3237ee
forward_residual_transfer_v1,artifacts/summaries/forward_residual_transfer_v1/residual_source_report.json,json,1448,d5fd3eb7418489d8704bb6a298de3657c085a7869c5b2ee0563cd48ee7ffafe8
forward_residual_transfer_v1,artifacts/summaries/forward_residual_transfer_v1/selection_scores.csv,csv,147812,a310deae4ff88196fe36080f3fed5f5a875e8ab921f5f5c3a3656891ffc6a14a
forward_residual_transfer_v1,artifacts/summaries/forward_residual_transfer_v1/stability_summary.json,json,97075,4aec440ed712e95248e4898351738e45817d977c0eba88e91595a8470fa8d8c7
forward_residual_transfer_v1,artifacts/summaries/forward_residual_transfer_v1/state_group_losses.json,json,915938,cb6e073982e8c8a8ceffd9c3eb79e239cedfa4a08230c7d45f7c9f57a7817804
forward_residual_transfer_v1,artifacts/summaries/forward_residual_transfer_v1/training_curves.csv,csv,96259,c821950b7b3235f613dfbdc5cc5a2f14f9aecfe03bc97e7cbb7745418b29e22c
forward_residual_transfer_v1,artifacts/summaries/forward_residual_transfer_v1/verification.json,json,412,874df9938c07d3086438a9fbe4bfcf298989479c4babc746e82b44652823c249
long_history_source_ablation_v1,artifacts/summaries/long_history_source_ablation_v1/development_scores.csv,csv,21059,40b68614207d25f75075164706a0ac1b1b2c5f529cd5ab8549a93c53f50b50e5
long_history_source_ablation_v1,artifacts/summaries/long_history_source_ablation_v1/execution_receipt.json,json,3737,5fc72a0064fdb2e313b05a22a213e487ed106c7f16b1fe4ffc7f76dad36fdeef
long_history_source_ablation_v1,artifacts/summaries/long_history_source_ablation_v1/factorial_attribution.json,json,5124,384b29d1b87ee016a8f4a0ff060bf07eaa0104bdfc7f82c8d248e74eac174127
long_history_source_ablation_v1,artifacts/summaries/long_history_source_ablation_v1/feature_masks.json,json,19033,4c3553d6716d2f8e462b006fbafbb5e38d41a505125b36d9caa140b1ef41e0fc
long_history_source_ablation_v1,artifacts/summaries/long_history_source_ablation_v1/frozen_models.json,json,3641,c562057de449f442837fd03a92e93435dba003b1d2ac9e3db3a68918140f01db
long_history_source_ablation_v1,artifacts/summaries/long_history_source_ablation_v1/loss_contributions.json,json,281633,94c9b3b0d37373bedf20344cb87fa4c8b14ba56b16bfb7c423ef589d30a197d7
long_history_source_ablation_v1,artifacts/summaries/long_history_source_ablation_v1/paired_origin_errors.csv,csv,499274,1e34549d93729b9cf88ef158b3575c932a3df07491589990abcf2d289b3cb0f2
long_history_source_ablation_v1,artifacts/summaries/long_history_source_ablation_v1/prediction_freeze.json,json,7560,f546eb3e955cbd203b3cfe8a5f121d246713f8bb3b286b39e726b2fc6131bcf9
long_history_source_ablation_v1,artifacts/summaries/long_history_source_ablation_v1/result_interpretation.json,json,4926,352afdb2617a10e9e51ebae07ba60184ce2712453b347b6c7b8339f2f14e3e66
long_history_source_ablation_v1,artifacts/summaries/long_history_source_ablation_v1/summary.json,json,13894,74fb53fb7928d43be95f151d7150b6983e884da8ae201d3f8af4b29533a97085
long_history_source_ablation_v1,artifacts/summaries/long_history_source_ablation_v1/verification.json,json,381,f4ab5192343b2408b01b5edff973a788f87d09808d07078c7c024edffc470722
reference_harm_stability_v1,artifacts/summaries/reference_harm_stability_v1/base_selection_scores.csv,csv,1632,504a3e90ee7bf4987ad5c21bafade26ec42e318071329d81149b2429c7b10398
reference_harm_stability_v1,artifacts/summaries/reference_harm_stability_v1/development_scores.csv,csv,33456,b4c5def5b26760ddacc1536b0b2fa88cafc8f659805f6f6edf68f562f74716b3
reference_harm_stability_v1,artifacts/summaries/reference_harm_stability_v1/execution_receipt.json,json,5072,c92f6bd00bf7a6c42b9d3e1ae64bdc422bc49cbd45c0c936443ea2a730ae669e
reference_harm_stability_v1,artifacts/summaries/reference_harm_stability_v1/frozen_base.json,json,368,216baf5b9296159564c0f223174bf50fdded7ce646fdb24bd853bd55109a6723
reference_harm_stability_v1,artifacts/summaries/reference_harm_stability_v1/frozen_selection.json,json,7016,fadcbc9bb986a0993a09cfc9849b4eda562d9cbebef02fba31cbd3595fb0a325
reference_harm_stability_v1,artifacts/summaries/reference_harm_stability_v1/harm_benefit_report.json,json,97837,9faa4d4e05f1cdd9bcfbeae9d634bd787f28856004984d90718c5b7cbe8e5ccd
reference_harm_stability_v1,artifacts/summaries/reference_harm_stability_v1/interaction_activity.json,json,2812,f09f57c89b0e926e1b1deb57f088a6a627db5944601e68e582dfb58460a97e06
reference_harm_stability_v1,artifacts/summaries/reference_harm_stability_v1/loss_scale.json,json,238,30268a1855ce6de396472b651cfc13934b610f1371d08c6588636a4ff1b97ce5
reference_harm_stability_v1,artifacts/summaries/reference_harm_stability_v1/model_summary.json,json,84552,a6aa68788937af3a8c67f6ba9c33f220a1e77d1733cbaa3913b8d56de53c86de
reference_harm_stability_v1,artifacts/summaries/reference_harm_stability_v1/paired_origin_errors.csv,csv,458606,3a7f717216f2aa3692c11c12dd3adc5dc6f208e3eb2972d33c7cc05c9206fef6
reference_harm_stability_v1,artifacts/summaries/reference_harm_stability_v1/prediction_freeze.json,json,9452,35b50edfe01b61acc30ae857e2ef9e8e1b4b7ab4dffa915a470aab0ad91572f8
reference_harm_stability_v1,artifacts/summaries/reference_harm_stability_v1/selection_scores.csv,csv,154105,65654232dd40136ae440698bc287ca064e8ee1742514d5dc74017e049eb4a67d
reference_harm_stability_v1,artifacts/summaries/reference_harm_stability_v1/stability_summary.json,json,94006,c6d15dddaf079fe852a09fa0a3d6c78d9009af86299159524d650dc5680e2b18
reference_harm_stability_v1,artifacts/summaries/reference_harm_stability_v1/state_group_losses.json,json,1022894,689e5a3e5493921c417ce804f81e5cf482b686de2cc15722f6bae129320eb86e
reference_harm_stability_v1,artifacts/summaries/reference_harm_stability_v1/training_curves.csv,csv,162504,f399f3f30d50337bb5ebff74c3abb3ec72fb6753a7496ec97def1499be7fc05a
reference_harm_stability_v1,artifacts/summaries/reference_harm_stability_v1/verification.json,json,272,f70f81f6771d07b6d8326f650f95661bf2d796e37572696a26905f962736f276
short_state_relaxation_v1,artifacts/summaries/short_state_relaxation_v1/development_scores.csv,csv,14247,975bdbf007cd35b70bf178d07a8d2a1f9016099b3e5dd686a34158aa151ed1c5
short_state_relaxation_v1,artifacts/summaries/short_state_relaxation_v1/execution_receipt.json,json,4371,029eb32f835c0f58ae37618bdfe3a9120608e9dc551e1123feef9bbbe1a6f6bc
short_state_relaxation_v1,artifacts/summaries/short_state_relaxation_v1/frozen_selection.json,json,29019,39c7a55ac628b8381473d1f79300808c847f96d16330e623690ba1cf1009d047
short_state_relaxation_v1,artifacts/summaries/short_state_relaxation_v1/model_comparison_summary.json,json,30609,900debc105dc0d8ff070d23e9f785289634ff683559f2373ab213caf35bd311e
short_state_relaxation_v1,artifacts/summaries/short_state_relaxation_v1/paired_origin_errors.csv,csv,158095,a30f18544373b696be6be84c3d3b18878211e3cb0ffdad6578a7f73f5b937887
short_state_relaxation_v1,artifacts/summaries/short_state_relaxation_v1/prediction_freeze.json,json,4012,89670cdb0d8e89046cea20ff71cbe51ba04c08c76d32eb58cb87a582d9ca236c
short_state_relaxation_v1,artifacts/summaries/short_state_relaxation_v1/result_interpretation.json,json,2708,01bb4c833e0a69de0c4c58a80e8be5d23eebffea69e105e65f279ab50cebdeab
short_state_relaxation_v1,artifacts/summaries/short_state_relaxation_v1/training_curves.csv,csv,9062,2254e751191269a65592d9be9d4bf3f82004a373a90142ad42cebc40f116294c
research_directions_20260910,artifacts/summaries/research_directions_20260910/crossref_metadata.json,json,7005,e35a89aec9f1bc90bbf5acfd31bb3ad6bd10df309947accb5c812c628cc8e35d
research_directions_20260910,artifacts/summaries/research_directions_20260910/input_order_chronos2.json,json,3654,fe335c46a52825c051ad5d932df8b168d6a002115ef79277a938d97bf837683e
research_directions_20260910,artifacts/summaries/research_directions_20260910/input_order_timesfm3.json,json,3682,c3cb5b00ea920d89aec7bbdb6070e6fb3768e62fbbb0a2b48de824203aed0812
research_directions_20260910,artifacts/summaries/research_directions_20260910/research_sources_and_status.json,json,5727,ef07640e498fd77aabb3ad4a4c0aee6856fc3bea6623d6edb9ff963827164899
research_transition,artifacts/summaries/research_transition/timexer_one_epoch_profile.json,json,1615,7ee5dc769581540f11523c772b82361aa878ef5c82717d59c9411bf3bbc9b710
dual_direction_pilot_v1,artifacts/summaries/dual_direction_pilot_v1/duration_qualification.json,json,405,7ce60c65828d1221749ba7f26e818083ee5c3cd3045f1b9ea54e543183861ea2
dual_direction_pilot_v1,artifacts/summaries/dual_direction_pilot_v1/group_structure_receipt.json,json,431,86f38dbbd55d5d8171e7cefb4e4142ffe0ebf9ccfcf5ec21e1ec1bd836993d42
dual_direction_pilot_v1,artifacts/summaries/dual_direction_pilot_v1/implementation_notes.json,json,1300,0b077d7a82a1afd0620e6bc437c6c24e46931fa5c4d2107553d890dcd0cac21d
dual_direction_pilot_v1,artifacts/summaries/dual_direction_pilot_v1/integrity_review.json,json,1323,76a1cea8c65f8d6b62c3876f4be34acb4bae26b159c30f9559bae21c1338d128
dual_direction_pilot_v1,artifacts/summaries/dual_direction_pilot_v1/public_export_map.json,json,2625,319621ed861ead1bab3113150239b54f0104834c5840161026b0a9cc03c6df5a
dual_direction_pilot_v1,artifacts/summaries/dual_direction_pilot_v1/route_a.json,json,17832,f587f108340c7482b5644728705bd218fddec4483c956b8b7ca71434a33da710
dual_direction_pilot_v1,artifacts/summaries/dual_direction_pilot_v1/route_b_optimization_followup.json,json,435923,83f2737727d768ef3244a49c5dc3d969b20c3c72c9f5d65c76b6ee8f06a257c2
dual_direction_pilot_v1,artifacts/summaries/dual_direction_pilot_v1/route_b_ridge_diagnostic.json,json,2161,ec89236e062dbf0d98f0932a5aa2fe0520c56d1bf7706dba2052138161729fc9
dual_direction_pilot_v1,artifacts/summaries/dual_direction_pilot_v1/route_b_v1.json,json,120687,7d2d0e4737aa08a1c80d1b74dfea28058832a00911314650404baa3bd719f84b
dual_direction_pilot_v1,artifacts/summaries/dual_direction_pilot_v1/study_summary.json,json,2213,dd0246b63de3f1bb2c08251449a51683fe893f2b136e08a053fab8990ee21579
information_scope_20260913,artifacts/summaries/information_scope_20260913/code_scope_checks.json,json,2284,c4bef846b3d27674fc2c03623b0fed017d137fc791e43bd43e3f189e238f8911
information_scope_20260913,artifacts/summaries/information_scope_20260913/conditional_independence_reference.json,json,605,5bc7d91bd44e6332ec463f05bbf29ac51f52408e25a3853f1ed563044b39329c
information_scope_20260913,artifacts/summaries/information_scope_20260913/derivation_graph.json,json,3433,999d22b8b26662b85a936e3601755dc5122936343c38a46c5938407b6dd9b36e
information_scope_20260913,artifacts/summaries/information_scope_20260913/experiment_evidence.csv,csv,129291,1c7f5438b53e48bfc3cbb6736fd6112d32c11bd02ecc5c728e11ffef2eba833a
information_scope_20260913,artifacts/summaries/information_scope_20260913/field_registry.json,json,43456,d97e0e1ea4593b5714bc8d66b21a4476ae6169544be78c0916f7aab8440e7683
information_scope_20260913,artifacts/summaries/information_scope_20260913/legacy_feature_inventory.json,json,4475,c373365bf35990d64e79b641c4b75187388d52ff813725c073d53f11b9cedff3
information_scope_20260913,artifacts/summaries/information_scope_20260913/legacy_result_metadata.json,json,3469,4ce8edd8fc1cdbea31148aebdfcb70746184bd8c54a6a166e53bd323ad5700c7
information_scope_20260913,artifacts/summaries/information_scope_20260913/registry_receipt.json,json,1710,002451c0a50fa38ecd172dd3cdb9dde7a76894c5726cc8c20ba8fc2c2486d8dc
information_scope_20260913,artifacts/summaries/information_scope_20260913/registry_tests.txt,txt,266,c8821c555b7c240c0e692b7359d8b147a90c3909f5f00f359cb9ff2513a91b47
information_scope_20260913,artifacts/summaries/information_scope_20260913/schema_inventory.json,json,4942,6d45f855e63c885e9a4a85b8248b034bb6ce9b00688d5546ece565eb007f23e6
signal_replication_v1,artifacts/summaries/signal_replication_v1/augmented_structure_receipt.json,json,393,fcda8750be6d0d3148da21f799d6635ecdb66656a10c9c705e76b2328461b537
signal_replication_v1,artifacts/summaries/signal_replication_v1/foundation.json,json,15957,ea64b8ff52d6c5452b2fa15c97aa6a03b5cda4676e2d2987b2bd7ccb103a9511
signal_replication_v1,artifacts/summaries/signal_replication_v1/integrity_review.json,json,1493,1cb9331b7004b47478abce5818e837910d8d21a7255cbdeec846af561f324209
signal_replication_v1,artifacts/summaries/signal_replication_v1/public_export_map.json,json,1480,ddfe1af2e828933c6585cfc5d2f5355a5c83f3cd229d33587546a1d0ce933a23
signal_replication_v1,artifacts/summaries/signal_replication_v1/ridge.json,json,9014,eaa4621b5c37d8afed943fefedaecf80f553e655151b14f97d521180fd79b0b1
signal_replication_v1,artifacts/summaries/signal_replication_v1/source_semantics.json,json,990,5db247638d93be02af3ef84298ad0269cdc940c3f3edb7e5a0968401ff0e9081
signal_replication_v1,artifacts/summaries/signal_replication_v1/summary.json,json,557,abafb6e5656c0642f64bc1010e765c3d56a833486110e1ef6c4874530980d08b
volume_composition_increment_v1,artifacts/summaries/volume_composition_increment_v1/calibration_grid.csv,csv,13345,b63d701c27213adbe6ce119bd2c797706a97bf95fe7bbc206a0392c6ba71d41b
volume_composition_increment_v1,artifacts/summaries/volume_composition_increment_v1/calibration_selected.json,json,7071,eeade6b4adcbb2a97c11bfbc576458beedcad70d41fd0fa34107483a23eee5bb
volume_composition_increment_v1,artifacts/summaries/volume_composition_increment_v1/evaluation_scores.csv,csv,91,cf6f68e06e2a064de372e0f82719d751b5214f18317ccb3a1cc410759f0599d8
volume_composition_increment_v1,artifacts/summaries/volume_composition_increment_v1/execution_receipt.json,json,9304,eb70dfd9194a0c1771a586acf94d54a265a0eb36fb1decae4ede3b94c090b882
volume_composition_increment_v1,artifacts/summaries/volume_composition_increment_v1/feature_construction_summary.json,json,1636,555ccab6c07cf323145241adc38f5f0530fb4e64c85e713f802fafe3b7a1a81c
volume_composition_increment_v1,artifacts/summaries/volume_composition_increment_v1/freeze_receipt.json,json,638,9a3c5c18ce374ab80ecf8217f6bd83a5e71066f7ea01ac8881587776862fd626
volume_composition_increment_v1,artifacts/summaries/volume_composition_increment_v1/frozen_selection.json,json,1537,bb7476eada6046828682619953f14b5fe3f9b829486383199b1f88686b96d442
volume_composition_increment_v1,artifacts/summaries/volume_composition_increment_v1/gate_decision.json,json,1538,1137c3133d629536a82a019fba3df7d03223762d68ac2131e3b61963ddcc9537
volume_composition_increment_v1,artifacts/summaries/volume_composition_increment_v1/grid_description.json,json,312,dc648fdf4d8dce8f0698272937963e5874fcbc6357fbc245afbb0f50dc191ea5
volume_composition_increment_v1,artifacts/summaries/volume_composition_increment_v1/loss_decomposition.json,json,7990,73d9b669c4034a44614ea4b2da6b4ef43ad0f7eb3691c8c08c6f8ef78b2f3936
volume_composition_increment_v1,artifacts/summaries/volume_composition_increment_v1/preregistration.json,json,11209,44ad23014f1c840fb01592c68ce597527a5f0c2bc21b21200a5c15fe3652f1ef
volume_composition_increment_v1,artifacts/summaries/volume_composition_increment_v1/score_verification.json,json,2624,b894fbce9a34ff1254b0d9a63c3076cbc0f4aedeeddd77eb009d500f3676d311
volume_composition_increment_v1,artifacts/summaries/volume_composition_increment_v1/summary.json,json,998,7b0cc7a78bec3f801d3034bfaa33fbddfeae7b890b6d64c769e811dd75f5fe06
volume_composition_increment_v1,artifacts/summaries/volume_composition_increment_v1/summary_arithmetic.json,json,1262,ef7993d3c72cbe72baf984a821a4125e7317b441f4b885e80f9b5d20010ea7d9
volume_composition_increment_v1,artifacts/summaries/volume_composition_increment_v1/test_log.txt,txt,481,8743dcc2436721df9a9389eeb8e3340e945a7918cc2d1c1dcfdb197505412447
coarse_memory_identifiability_v1_20260913,artifacts/summaries/coarse_memory_identifiability_v1_20260913/execution_receipt.json,json,833,5184a7484f500943ca8925b1c5cda18cb0d762daac38c3473add7d10bc771d12
coarse_memory_identifiability_v1_20260913,artifacts/summaries/coarse_memory_identifiability_v1_20260913/identifiability_counterexamples.json,json,1801,dac4bd428bcd5654daca139905db37ab035e826e8078e8ad88a2c642dbbedd13
coarse_memory_identifiability_v1_20260913,artifacts/summaries/coarse_memory_identifiability_v1_20260913/mechanism_preregistration.json,json,1487,8ae3749198a798622fbaea020a325f25c0471bb318e8b7b6adc0dc870cccf983
coarse_memory_identifiability_v1_20260913,artifacts/summaries/coarse_memory_identifiability_v1_20260913/memory_value_by_horizon.json,json,25048,c76d92648dd4ff90a77c7d283968014c3457ac68a52418e36d0020b4cf500677
coarse_memory_identifiability_v1_20260913,artifacts/summaries/coarse_memory_identifiability_v1_20260913/observed_history_risks.csv,csv,26000,9cafb9d6c279f65b96d4400ecedd36241380f111a1a8feca29967d3add01f6c6
coarse_memory_identifiability_v1_20260913,artifacts/summaries/coarse_memory_identifiability_v1_20260913/same_information_baseline_checks.json,json,1965,20b74edbbe8bb21f27f3e7bd5798a990d428d9272d8d0ad51a21aa8cdc2e9d16
journal_methods_20260913,artifacts/summaries/journal_methods_20260913/source_verification.json,json,15469,30546d56964983034fbee18da54ec042eab08be2df8aef18477cce4bd997194f
physics_economics_traffic_20260913,artifacts/summaries/physics_economics_traffic_20260913/additional_source_metadata.json,json,5039,4d7533216f4691e055612e82e99d4723ff058d320c0fbb4c0c5c13d6253acff5
physics_economics_traffic_20260913,artifacts/summaries/physics_economics_traffic_20260913/source_metadata.json,json,6482,e03f5fc20bc10f8cc0e76cb16ac636d61f414240c8f45c06491d66f785c28872
shared_missing_events_ap0,artifacts/summaries/shared_missing_events_ap0/algorithm_timings.csv,csv,700,78226999ed13f79baf4527eaaf442594a113634479004c51c1ee39fad9e4ea2b
shared_missing_events_ap0,artifacts/summaries/shared_missing_events_ap0/component_sign_diagnostics.csv,csv,106148,e5079eb1e3e63a8667e993387e66323e1b109eae206ee8b984e294e653b59252
shared_missing_events_ap0,artifacts/summaries/shared_missing_events_ap0/component_sign_summary.json,json,763,5e1ad5ecb00a299caa93fe44c53c4bbf87580d001dde7bb6b7f343efbe65f770
shared_missing_events_ap0,artifacts/summaries/shared_missing_events_ap0/data_integrity.json,json,1055,9ac2df02904d43d25be052b344e34aeaa643d21ad2146eae803b7c9b2a9984ed
shared_missing_events_ap0,artifacts/summaries/shared_missing_events_ap0/data_qualification.csv,csv,1419,dcfe0fb9d934515c52b2c21c6cf7fefc3a8e1951a1f3e4d7eedd350c36e6ab80
shared_missing_events_ap0,artifacts/summaries/shared_missing_events_ap0/data_sources.json,json,794,39398ef084f3581fca013f16e37ada357be10ad2b7470369ef11508b5d49134f
shared_missing_events_ap0,artifacts/summaries/shared_missing_events_ap0/experiment_summary.json,json,1309,4a84368250b37c646e553f9778f213a029cb81ecc6a3eff2338f9a99f9536f3b
shared_missing_events_ap0,artifacts/summaries/shared_missing_events_ap0/independent_endpoint_conflicts.json,json,3566,ac9f7d6a8d6a41b093e88908a9f0185c9a5d103a124b2d20e7afe7d990700a1c
shared_missing_events_ap0,artifacts/summaries/shared_missing_events_ap0/independent_milp_verification.json,json,3715,339364ff719df0804222bc834f9a02bd2e80e69b4a7ff04c80aa0876b38bf97e
shared_missing_events_ap0,artifacts/summaries/shared_missing_events_ap0/paired_bounds.csv,csv,311761,2cc60d52a89cb2b6299249e8f81336620b151ca966a3cab3aac7cfe939d9adde
shared_missing_events_ap0,artifacts/summaries/shared_missing_events_ap0/pooled_bounds.csv,csv,1752,072faad01e4fbec1586685e3b749ef6d9e929ca55dd6d9a92f04f343efcacdc6
shared_missing_events_ap0,artifacts/summaries/shared_missing_events_ap0/power_extension/data_qualification.csv,csv,226,2f0226c24ce6c395960b5ae9e0a8b687a74390374e27a65623cb2e2cc245c1cc
shared_missing_events_ap0,artifacts/summaries/shared_missing_events_ap0/power_extension/data_sources.json,json,530,193b38c934bebf22aaafefa53672577e8dd09ff1dece01aab2c92b797ddc8daa
shared_missing_events_ap0,artifacts/summaries/shared_missing_events_ap0/power_extension/experiment_summary.json,json,1307,720a89eeebe75941ad99b7f730074a49ad796081b925b616223b7010add11357
shared_missing_events_ap0,artifacts/summaries/shared_missing_events_ap0/power_extension/paired_bounds.csv,csv,21758,57fab77ac5e8be75a00948987b880906381b12c85149aae0426b75da1c76690d
shared_missing_events_ap0,artifacts/summaries/shared_missing_events_ap0/power_extension/pooled_bounds.csv,csv,981,2321aa58397137a6c7f7db8f278df20bea8a48d99afd4477551719425591cf50
shared_missing_events_ap0,artifacts/summaries/shared_missing_events_ap0/power_extension/predictor_metrics.csv,csv,573,bf848ec8270aec6eace720f692bdd9ba4d7ba8a3751bfc1998a8e5d479ea1c60
shared_missing_events_ap0,artifacts/summaries/shared_missing_events_ap0/power_extension/skipped_panels.json,json,3,37517e5f3dc66819f61f5a7bb8ace1921282415f10551d2defa5c3eb0985b570
shared_missing_events_ap0,artifacts/summaries/shared_missing_events_ap0/power_extension/training_summary.csv,csv,237,e9690913fc3dcf3f11c6434045b783fc7c8dc9796b97533a280a8710a56145c0
shared_missing_events_ap0,artifacts/summaries/shared_missing_events_ap0/predictor_metrics.csv,csv,6178,a2944322d3b3ac7cc8afb57787d4f8708b85297ea632d76dc17c9c86d2fcf3da
shared_missing_events_ap0,artifacts/summaries/shared_missing_events_ap0/reproduction_environment.json,json,1269,bd56b10dfefad6958199a43426f3b2374645825839f10f517280ab0c965e63a0
shared_missing_events_ap0,artifacts/summaries/shared_missing_events_ap0/skipped_panels.json,json,3,37517e5f3dc66819f61f5a7bb8ace1921282415f10551d2defa5c3eb0985b570
shared_missing_events_ap0,artifacts/summaries/shared_missing_events_ap0/training_summary.csv,csv,367,b66dc30f36b0af1d8da43f8343622b00d0740118ea6529e64aa230e8712f8be5
shared_missing_events_ap0,artifacts/summaries/shared_missing_events_ap0/verification.json,json,300,c21e7ece1f7d92a7db69461f9bd16bc20df5786376b23ed5c79c884583d1b98c
