stage,model,seed,horizon,status,target_scope,postprocess,scored_values,rmse,mae,alignment_A,correction_energy_B,mse_gain_G,identity_error,zero_correction
MECH_FIXED40,BASE_FIXED,fixed,3,AVAILABLE,terminal_H,raw,3850,0.08483696461620312,0.05540521541373975,0.0,0.0,0.0,0.0,True
MECH_FIXED40,BASE_FIXED,fixed,6,AVAILABLE,terminal_H,raw,3850,0.1212911972738343,0.06966348750698252,0.0,0.0,0.0,0.0,True
MECH_FIXED40,BASE_FIXED,fixed,9,AVAILABLE,terminal_H,raw,3850,0.09309992087142042,0.06495022147524362,0.0,0.0,0.0,0.0,True
MECH_FIXED40,BASE_FIXED,fixed,12,AVAILABLE,terminal_H,raw,3850,0.1069945658018169,0.07419005684496248,0.0,0.0,0.0,0.0,True
MECH_FIXED40,LINEAR_REPAIR,fixed,3,AVAILABLE,terminal_H,raw,3850,0.08337251291067874,0.05509090465416605,0.0004159052439402524,0.0005854758316308976,0.00024633465624960714,0.0,False
MECH_FIXED40,LINEAR_REPAIR,fixed,6,AVAILABLE,terminal_H,raw,3850,0.1215851300364727,0.06880915534738204,0.00036335012739581495,0.0007980895646574163,-7.138930986578602e-05,3.7947076036992655e-19,False
MECH_FIXED40,LINEAR_REPAIR,fixed,9,AVAILABLE,terminal_H,raw,3850,0.08844276937231856,0.060096635243903344,0.0008792339451321663,0.0009129960782447167,0.0008454718120196157,2.168404344971009e-19,False
MECH_FIXED40,LINEAR_REPAIR,fixed,12,AVAILABLE,terminal_H,raw,3850,0.10363890761788683,0.0700384998355269,0.001049043959464823,0.001391273980039198,0.0007068139388904483,1.0842021724855044e-19,False
MECH_FIXED40,RIDGE_FULL,fixed,3,AVAILABLE,terminal_H,raw,3850,0.08300384325782448,0.05407657855955197,0.0002979912704764859,0.0002883099712315671,0.00030767256972140465,0.0,False
MECH_FIXED40,RIDGE_FULL,fixed,6,AVAILABLE,terminal_H,raw,3850,0.12125413543137299,0.06797427756985476,0.00020563231064294428,0.0004022754443754439,8.989176910444754e-06,8.131516293641283e-20,False
MECH_FIXED40,RIDGE_FULL,fixed,9,AVAILABLE,terminal_H,raw,3850,0.08877532937013226,0.06050388035836816,0.0006204842922064035,0.00045443242292352894,0.0007865361614892778,3.2526065174565133e-19,False
MECH_FIXED40,RIDGE_FULL,fixed,12,AVAILABLE,terminal_H,raw,3850,0.10342026512716584,0.07008967218954203,0.0007304869154873605,0.0007088879588286691,0.0007520858721460519,1.0842021724855044e-19,False
MECH_FIXED40,FIXED_PRODUCT,20260915,3,AVAILABLE,terminal_H,raw,3850,0.08382573991019773,0.05538686078331859,0.0003917269302964223,0.0006128979667940628,0.0001705558937987819,8.131516293641283e-20,False
MECH_FIXED40,FIXED_PRODUCT,20260915,6,AVAILABLE,terminal_H,raw,3850,0.1213579490009378,0.06979862629037001,0.0004804226463514343,0.0009770425422968973,-1.619724959402855e-05,1.8295911660692887e-19,False
MECH_FIXED40,FIXED_PRODUCT,20260915,9,AVAILABLE,terminal_H,raw,3850,0.09203782859739286,0.06340628997999263,0.0007357748322373547,0.001274916291133032,0.00019663337334167755,2.168404344971009e-19,False
MECH_FIXED40,FIXED_PRODUCT,20260915,12,AVAILABLE,terminal_H,raw,3850,0.10394593519245106,0.07060427900694731,0.0010751128700931386,0.0015071460721001878,0.0006430796680860891,3.2526065174565133e-19,False
MECH_FIXED40,FIXED_PRODUCT,20260916,3,AVAILABLE,terminal_H,raw,3850,0.0847970376654133,0.05577841211895252,0.0003028880390059878,0.0005990031095505968,6.7729684613789965e-06,1.4653669987499396e-19,False
MECH_FIXED40,FIXED_PRODUCT,20260916,6,AVAILABLE,terminal_H,raw,3850,0.12042150417225171,0.06989493463275434,0.000653066874558347,0.0010959178801041418,0.0002102158690125525,3.2526065174565133e-19,False
MECH_FIXED40,FIXED_PRODUCT,20260916,9,AVAILABLE,terminal_H,raw,3850,0.09219979272918555,0.06348871550695392,0.000694430577525058,0.0012220676680901501,0.000166793486959966,0.0,False
MECH_FIXED40,FIXED_PRODUCT,20260916,12,AVAILABLE,terminal_H,raw,3850,0.10452694115505311,0.07064242399442958,0.0009533296937825901,0.0013847037036777885,0.0005219556838873918,0.0,False
MECH_FIXED40,FIXED_PRODUCT,20260917,3,AVAILABLE,terminal_H,raw,3850,0.08354496815433034,0.054882263163752484,0.00039644495356226114,0.000575341045741691,0.0002175488613828312,1.0842021724855044e-19,False
MECH_FIXED40,FIXED_PRODUCT,20260917,6,AVAILABLE,terminal_H,raw,3850,0.12155319927409981,0.06929453330783494,0.00046842949744874834,0.001000484712546325,-6.362571764882798e-05,2.846030702774449e-19,False
MECH_FIXED40,FIXED_PRODUCT,20260917,9,AVAILABLE,terminal_H,raw,3850,0.09161651684463541,0.0632169589740405,0.0007607933962071039,0.0012475776848928266,0.0002740091075213811,0.0,False
MECH_FIXED40,FIXED_PRODUCT,20260917,12,AVAILABLE,terminal_H,raw,3850,0.10407043503403231,0.07093893453712338,0.000985088992925368,0.00135299632290415,0.0006171816629465859,2.168404344971009e-19,False
MECH_FIXED40,FIXED_SEPARABLE,20260915,3,AVAILABLE,terminal_H,raw,3850,0.08468130858401625,0.05579507473669166,0.00029570629594812036,0.000565026050106724,2.6386541789516572e-05,9.486769009248164e-20,False
MECH_FIXED40,FIXED_SEPARABLE,20260915,6,AVAILABLE,terminal_H,raw,3850,0.12137384758655294,0.06865340262313029,0.0004090543732138689,0.0008381650882713304,-2.005634184359235e-05,3.2187251995663413e-19,False
MECH_FIXED40,FIXED_SEPARABLE,20260915,9,AVAILABLE,terminal_H,raw,3850,0.09021675226095928,0.061716088706668414,0.0008228762007413639,0.001117219523733285,0.000528532877749443,2.168404344971009e-19,False
MECH_FIXED40,FIXED_SEPARABLE,20260915,12,AVAILABLE,terminal_H,raw,3850,0.10380465158911549,0.07038866218871812,0.0009629355865277966,0.0012534397534739263,0.0006724314195816673,3.2526065174565133e-19,False
MECH_FIXED40,FIXED_SEPARABLE,20260916,3,AVAILABLE,terminal_H,raw,3850,0.08429225334039743,0.05548510290422897,0.0003388664472060443,0.0005856063023229294,9.21265920891594e-05,2.439454888092385e-19,False
MECH_FIXED40,FIXED_SEPARABLE,20260916,6,AVAILABLE,terminal_H,raw,3850,0.12160822047156648,0.06885265194575121,0.00044031788196794325,0.0009576405140768175,-7.700475014093061e-05,4.0657581468206416e-19,False
MECH_FIXED40,FIXED_SEPARABLE,20260916,9,AVAILABLE,terminal_H,raw,3850,0.09132639337597706,0.06260678460641333,0.0007121642874225831,0.0010972434356441264,0.0003270851392010397,5.421010862427522e-20,False
MECH_FIXED40,FIXED_SEPARABLE,20260916,12,AVAILABLE,terminal_H,raw,3850,0.1044590100032155,0.07025920793719258,0.0009565379460514578,0.0013769235518354666,0.0005361523402674489,1.0842021724855044e-19,False
MECH_FIXED40,FIXED_SEPARABLE,20260917,3,AVAILABLE,terminal_H,raw,3850,0.08338850574127739,0.05483804724787594,0.0004221112721898539,0.0006005548688518592,0.00024366767552784857,8.131516293641283e-20,False
MECH_FIXED40,FIXED_SEPARABLE,20260917,6,AVAILABLE,terminal_H,raw,3850,0.11966501238013037,0.06769830797269996,0.0006276432589221048,0.0008634471696607712,0.00039183934818343857,1.6263032587282567e-19,False
MECH_FIXED40,FIXED_SEPARABLE,20260917,9,AVAILABLE,terminal_H,raw,3850,0.09035655439106198,0.061841977446447725,0.0007931765276325886,0.0010830647104253742,0.0005032883448398033,3.2526065174565133e-19,False
MECH_FIXED40,FIXED_SEPARABLE,20260917,12,AVAILABLE,terminal_H,raw,3850,0.10457773237702826,0.07082971384642166,0.0009282395334707968,0.0013451440649436149,0.0005113350019979783,4.336808689942018e-19,False
MECH_FIXED40,FIXED_CONCAT,20260915,3,AVAILABLE,terminal_H,raw,3850,0.08305051866906074,0.05432701715119042,0.0004086034400201669,0.0005172849659494404,0.00029992191409089345,0.0,False
MECH_FIXED40,FIXED_CONCAT,20260915,6,AVAILABLE,terminal_H,raw,3850,0.12161167196350112,0.06866903240383102,0.00040494288790432286,0.0008877299974466587,-7.784422163801272e-05,2.168404344971009e-19,False
MECH_FIXED40,FIXED_CONCAT,20260915,9,AVAILABLE,terminal_H,raw,3850,0.08955202780936224,0.06128735320469398,0.0009082049249625524,0.0011683802684291484,0.0006480295814959569,4.336808689942018e-19,False
MECH_FIXED40,FIXED_CONCAT,20260915,12,AVAILABLE,terminal_H,raw,3850,0.10388679941802852,0.07051295170084067,0.0009877942570800662,0.0013202184963624966,0.0006553700177976358,1.0842021724855044e-19,False
MECH_FIXED40,FIXED_CONCAT,20260916,3,AVAILABLE,terminal_H,raw,3850,0.0837349927271181,0.05490404972475387,0.00036768196727986874,0.0005496023762793587,0.0001857615582803786,1.3552527156068805e-19,False
MECH_FIXED40,FIXED_CONCAT,20260916,6,AVAILABLE,terminal_H,raw,3850,0.12125773479085017,0.06918212936872202,0.00044362709811281793,0.0008791379067136006,8.11628951203556e-06,2.693564772268675e-19,False
MECH_FIXED40,FIXED_CONCAT,20260916,9,AVAILABLE,terminal_H,raw,3850,0.09001038339242132,0.061846526131391605,0.000828972251195081,0.001092218354576091,0.0005657261478140708,2.168404344971009e-19,False
MECH_FIXED40,FIXED_CONCAT,20260916,12,AVAILABLE,terminal_H,raw,3850,0.10379297281831097,0.07062368323814742,0.000988133048075154,0.0013014101914936218,0.0006748559046566865,1.0842021724855044e-19,False
MECH_FIXED40,FIXED_CONCAT,20260917,3,AVAILABLE,terminal_H,raw,3850,0.08411515161982838,0.05524006552799064,0.00032693329335098956,0.0005319147534377972,0.00012195183326418209,1.2197274440461925e-19,False
MECH_FIXED40,FIXED_CONCAT,20260917,6,AVAILABLE,terminal_H,raw,3850,0.12172981639784584,0.0698696396769155,0.00040239131312960784,0.0009113762903922833,-0.00010659366413306724,4.0657581468206416e-19,False
MECH_FIXED40,FIXED_CONCAT,20260917,9,AVAILABLE,terminal_H,raw,3850,0.09023508549312281,0.06203152160909952,0.0008690330007997816,0.0012128413892860037,0.0005252246123135597,1.0842021724855044e-19,False
MECH_FIXED40,FIXED_CONCAT,20260917,12,AVAILABLE,terminal_H,raw,3850,0.10313629814348568,0.0703142179584313,0.0011376400170751404,0.0014645389177729222,0.0008107411163773585,2.168404344971009e-19,False
